candidate,period,scenario,net_usd,account_return_pct,drawdown_usd,intraday_low_drawdown_usd,closed_episodes,fees_usd
sma_btc-010,development,base,-139.95209229390457,-1.399520922939046,222.62637145456029,229.52406316252745,10,157.54613408690403
sma_btc-010,development,cost,-192.2560657244303,-1.9225606572442988,247.78935219812956,254.63115524048953,10,195.93724068543003
sma_btc-010,development,delay,-171.65933520414183,-1.7165933520414178,234.1276831106552,239.74407191852697,10,157.07715185414403
sma_btc-010,development,combined,-223.63559735662056,-2.2363559735662064,259.1938436377495,264.76481721734854,10,195.35595558662004
sma_btc-010,later_2025,base,-172.8714271584813,-1.728714271584808,277.79971453508733,288.0526400796625,8,126.14503101648003
sma_btc-010,later_2025,cost,-214.34732894134686,-2.1434732894134667,297.16800629877616,307.3277684971854,8,157.03231389235
sma_btc-010,later_2025,delay,-152.28699089769725,-1.522869908976976,263.4880457330255,269.60194967507414,8,126.42966913269599
sma_btc-010,later_2025,combined,-193.9343649793118,-1.9393436497931127,293.7659145714206,299.8243163092702,8,157.38568544031
sma_btc-010,recent_2026,base,-192.26029251204636,-1.9226029251204646,255.6576325643182,270.58163012924706,13,203.53664792904797
sma_btc-010,recent_2026,cost,-259.78496934303075,-2.5978496934303097,301.49346535917175,316.26653295714095,13,252.93740729003002
sma_btc-010,recent_2026,delay,-369.1379076651174,-3.691379076651169,378.03833609019057,386.1263048853907,13,200.54555823012004
sma_btc-010,recent_2026,combined,-434.598657516357,-4.345986575163574,438.06496294075623,446.0597510849566,13,249.23396695135003
sma_btc-015,development,base,37.75145640215851,0.3775145640215749,156.27529905923075,170.89943894358294,7,111.87072128784
sma_btc-015,development,cost,-0.3444756788558152,-0.0034447567885620423,171.01393810465743,177.9094996914173,7,139.35513444886007
sma_btc-015,development,delay,87.97772934146997,0.8797772934147075,144.20878082854324,151.92122288905557,7,112.341394292528
sma_btc-015,development,combined,49.518324683162064,0.49518324683162085,154.03126842227175,156.95570129132102,7,139.94034392684
sma_btc-015,later_2025,base,-290.0098314866882,-2.9000983148668835,377.57949776080204,387.7102154962249,7,108.62485530768802
sma_btc-015,later_2025,cost,-325.1772681021175,-3.25177268102117,403.4511633261791,413.4958627379583,7,135.22018893412002
sma_btc-015,later_2025,delay,-245.97970420068668,-2.4597970420068616,327.23085713443106,333.28659087599954,7,109.26062514068802
sma_btc-015,later_2025,combined,-281.544254522707,-2.815442545227065,352.1049258495859,358.1092013451562,7,136.02204211771
sma_btc-015,recent_2026,base,-55.076712982085155,-0.5507671298208505,181.68703987035587,196.65702315867566,9,142.55667776808
sma_btc-015,recent_2026,cost,-102.9098429001042,-1.0290984290010408,212.54774786283087,227.38947578418083,9,177.34002151210004
sma_btc-015,recent_2026,delay,-161.86503543729668,-1.6186503543729636,231.87868030870413,246.6492831200958,9,141.13832559329603
sma_btc-015,recent_2026,combined,-208.67391147346098,-2.086739114734615,262.281114703841,278.26250962314225,9,175.58055294546003
sma_btc-020,development,base,-27.432726073056983,-0.2743272607305669,208.84671154083298,214.4645750261443,6,95.03188216705601
sma_btc-020,development,cost,-59.60696216192082,-0.5960696216192107,234.18384110806073,239.7592743901605,6,118.36489206392001
sma_btc-020,development,delay,16.600137842944605,0.16600137842943674,178.72520848876775,184.3115718969584,6,95.63585359605601
sma_btc-020,development,combined,-15.894972729032816,-0.15894972729032508,204.28503635811285,209.82909744111203,6,119.11767476803
sma_btc-020,later_2025,base,-290.22618019472065,-2.9022618019472035,376.7392262119374,386.8697124383689,7,108.61664359872002
sma_btc-020,later_2025,cost,-325.39122556135044,-3.2539122556135003,403.6651207626419,413.70959891833263,7,135.20928841235002
sma_btc-020,later_2025,delay,-250.91925027737489,-2.5091925027737494,327.27762818532756,336.96450643155185,7,109.01343881937603
sma_btc-020,later_2025,combined,-286.43216262924034,-2.8643216262923987,356.9928339561193,362.99408968042917,7,135.70143220724003
sma_btc-020,recent_2026,base,31.12680166390419,0.3112680166390325,165.21002311323173,169.17142832600075,6,95.87820764909603
sma_btc-020,recent_2026,cost,-1.3930523851886392,-0.01393052385189053,180.27978216780866,184.21369800915818,6,119.36572045219002
sma_btc-020,recent_2026,delay,-93.32683437484775,-0.9332683437484723,222.88636745329677,226.07530378084812,6,94.50307714984801
sma_btc-020,recent_2026,combined,-124.84732173638076,-1.2484732173638102,237.54029056719264,240.7080401704534,6,117.65746108838003
sma_btc-030,development,base,29.425688245133642,0.294256882451327,174.4531086271054,200.74455641436907,5,79.95202403986401
sma_btc-030,development,cost,2.230573143247966,0.022305731432470388,178.71613882826023,204.86653896334974,5,99.60713066575002
sma_btc-030,development,delay,-20.21381751435365,-0.20213817514354027,211.468789878576,217.03652883595169,5,79.289373136352
sma_btc-030,development,combined,-47.04265658987788,-0.47042656589877385,231.52442909111778,237.05307647801783,5,98.78349298588
sma_btc-030,later_2025,base,-164.70306451124634,-1.6470306451124683,241.06225228403127,328.2992722574072,4,62.53882033224801
sma_btc-030,later_2025,cost,-185.09322689308829,-1.8509322689308827,255.65470301076675,342.2847990951668,4,77.91428506809001
sma_btc-030,later_2025,delay,-111.29109797508863,-1.1129109797508918,238.57646259275498,324.93106360408274,4,63.04620607608801
sma_btc-030,later_2025,combined,-132.047325637408,-1.3204732563740773,253.20552159407634,338.9581485410963,4,78.54776252241
sma_btc-030,recent_2026,base,-194.5180607282564,-1.9451806072825595,307.79278810385586,311.6928403863203,9,140.18100290125602
sma_btc-030,recent_2026,cost,-241.00695716912196,-2.41006957169122,327.091173100951,346.0634878926121,9,174.39320233512004
sma_btc-030,recent_2026,delay,-159.69194227397202,-1.5969194227397177,216.00786544321818,219.1905289698734,9,141.288148968968
sma_btc-030,recent_2026,combined,-206.52268913964144,-2.06522689139641,235.93836382138943,250.06710087050124,9,175.76643093164
sma_btc-040,development,base,122.09754392481591,1.2209754392481509,117.09454355289563,148.6379193589437,6,96.64949013618401
sma_btc-040,development,cost,88.86147576152871,0.8886147576152803,116.21733181740092,149.8038659877202,6,120.37794921547001
sma_btc-040,development,delay,8.732355211041067,0.08732355211040765,176.87381066895978,189.8650705084474,6,95.34718872096002
sma_btc-040,development,combined,-23.710159578276944,-0.2371015957827738,202.4490292882274,215.3435132791874,6,118.75888532828
sma_btc-040,later_2025,base,-185.23234008115105,-1.8523234008115064,261.5915261635673,348.64646307672047,4,62.30461661715201
sma_btc-040,later_2025,cost,-205.49221860118996,-2.0549221860118982,276.0536930467588,362.5037981944279,4,77.62289781419
sma_btc-040,later_2025,delay,-102.87675233300615,-1.0287675233300653,230.19175487812754,316.61976613732804,4,63.127637082008
sma_btc-040,later_2025,combined,-123.70095151390888,-1.237009515139087,244.88840339617855,330.7134956107984,4,78.65650364491
sma_btc-040,recent_2026,base,-110.58895520443002,-1.1058895520443035,191.0937994049582,196.3220223649896,8,125.85863194043199
sma_btc-040,recent_2026,cost,-152.58009695725195,-1.5258009695725216,210.8809647133512,232.2085810180215,8,156.61265606825
sma_btc-040,recent_2026,delay,-188.3701015533643,-1.8837010155336453,220.60045029269168,239.29045520661202,8,125.13085144536001
sma_btc-040,recent_2026,combined,-229.66202593165508,-2.296620259316551,256.2773478758063,274.79900472290683,8,155.70925116966
sma_btc-050,development,base,-7.1063955132794945,-0.07106395513279962,114.80009378374416,148.6379193589437,5,79.72414712528001
sma_btc-050,development,cost,-33.963219691608174,-0.33963219691608426,119.38282243882895,149.8038659877202,5,99.29674233261
sma_btc-050,development,delay,-91.27307534414285,-0.9127307534414264,149.25371899540914,182.26020571694426,5,78.67731261414401
sma_btc-050,development,combined,-117.48482487690671,-1.174848248769067,169.73891585078673,191.95096505390939,5,97.98055843991001
sma_btc-050,later_2025,base,-125.68500374059113,-1.25685003740591,232.33779025868716,319.92081078899173,3,46.943028024592
sma_btc-050,later_2025,cost,-141.0421379775089,-1.4104213797750842,241.73461870625943,328.75357620459,3,58.502055086510005
sma_btc-050,later_2025,delay,-98.23705081612934,-0.9823705081612899,256.31410659776157,342.7826163779864,3,47.171512316128
sma_btc-050,later_2025,combined,-113.76790721102952,-1.137679072110298,265.5708950889584,351.4823062252781,3,58.786374618029996
sma_btc-050,recent_2026,base,-177.14167781959623,-1.7714167781959667,246.9880912705903,262.4032303971162,7,108.99716639060001
sma_btc-050,recent_2026,cost,-213.25608473481952,-2.132560847348197,271.9280407492206,292.45674528221934,7,135.67078150082003
sma_btc-050,recent_2026,delay,-279.5183500055373,-2.795183500055376,311.61042289568104,330.12679453792043,7,108.01390565253601
sma_btc-050,recent_2026,combined,-314.77328553566986,-3.1477328553566997,341.2601242343808,359.62043052508125,7,134.44967913667
sma_btc-060,development,base,-36.000555994431124,-0.3600055599443097,143.81105049160033,202.68193645439896,5,79.327183735432
sma_btc-060,development,cost,-62.62853432003976,-0.6262853432003945,159.00852328009933,206.88733326642068,5,98.78814171204002
sma_btc-060,development,delay,-56.025340665280964,-0.5602534066528109,181.87655249096133,214.85661531537698,5,78.98364330928001
sma_btc-060,development,combined,-82.49708042297243,-0.8249708042297188,196.78671785948973,218.9810618099982,5,98.36129984797002
sma_btc-060,later_2025,base,-172.03438468431887,-1.7203438468431864,286.6588520009591,373.8307965144322,4,62.45021327832
sma_btc-060,later_2025,cost,-192.37837472235879,-1.9237837472235841,301.0001197044712,387.56595614716025,4,77.80406775036
sma_btc-060,later_2025,delay,-132.05063458079894,-1.3205063458079924,273.493350169776,359.66661611467134,4,62.81089078580001
sma_btc-060,later_2025,combined,-152.6699957396595,-1.5266999573965934,287.90964641878054,373.4830283950596,4,78.25264613566002
sma_btc-060,recent_2026,base,39.884266076911445,0.39884266076910535,221.98906894310494,246.44992776334402,7,111.42849512608801
sma_btc-060,recent_2026,cost,1.9148443645026418,0.019148443645033986,241.8685573772691,271.4093311591387,7,138.68984005950003
sma_btc-060,recent_2026,delay,1.4779267679205077,0.014779267679210228,197.69606925025437,220.07663547025368,7,111.47286887608001
sma_btc-060,recent_2026,combined,-36.16880296524687,-0.3616880296524738,217.79776187131756,245.29754179594784,7,138.74470087825003
sma_btc-070,development,base,49.59560830588816,0.4959560830588794,127.61176808332857,185.42525804486468,4,64.15241418511201
sma_btc-070,development,cost,27.727922689478874,0.2772792268947777,142.9210049050198,189.73008860909977,4,79.91080825852
sma_btc-070,development,delay,13.612024716447195,0.1361202471644729,148.85420645244812,181.01703819062277,4,63.71858284855201
sma_btc-070,development,combined,-8.005619769810437,-0.08005619769810846,163.99640724691017,185.342650864799,4,79.37136713281001
sma_btc-070,later_2025,base,-124.91312482620742,-1.2491312482620698,239.53759602255923,327.12745535324757,3,46.950508117208
sma_btc-070,later_2025,cost,-140.2741662992703,-1.4027416629927014,248.89591555323204,335.9215867454732,3,58.51136531227
sma_btc-070,later_2025,delay,-95.21350842014363,-0.9521350842014331,236.78607868399922,323.28098195945495,3,47.200753262144005
sma_btc-070,later_2025,combined,-110.7628843864095,-1.1076288438640947,246.14954609166853,332.0870660376386,3,58.822785539410006
sma_btc-070,recent_2026,base,-10.797571532624715,-0.10797571532624728,163.87050414985606,185.54965625855948,4,63.452625984624
sma_btc-070,recent_2026,cost,-32.242279079120635,-0.3224227907912103,168.2243291253908,195.06486811455034,4,79.04067130512
sma_btc-070,recent_2026,delay,-67.29437040366429,-0.6729437040366437,166.65889114700985,182.92632007315297,4,63.021273169664006
sma_btc-070,recent_2026,combined,-88.3477608264493,-0.8834776082644935,170.993152329469,192.45989226916936,4,78.50411893545001
sma_btc-080,development,base,126.07522028352105,1.2607522028352136,112.58428669804744,154.05350700998315,3,49.01977133448001
sma_btc-080,development,cost,109.12731867262119,1.091273186726216,111.87304152155957,153.22289697000087,3,61.08948597938001
sma_btc-080,development,delay,84.49420472617567,0.8449420472617541,118.45206099219286,152.00320747862315,3,48.59679093682401
sma_btc-080,development,combined,67.80090541374739,0.6780090541374628,128.5204487211613,151.18357406723953,3,60.54954965725
sma_btc-080,later_2025,base,-136.045375841617,-1.3604537584161691,250.66984612136184,338.160970271505,3,46.842742530616
sma_btc-080,later_2025,cost,-151.3417888985805,-1.5134178889858019,259.96353724570145,346.8915934598208,3,58.37720796858001
sma_btc-080,later_2025,delay,-109.63931243486331,-1.096393124348638,251.16101935596816,337.52993910560144,3,47.058310205864
sma_btc-080,later_2025,combined,-125.08157063923136,-1.2508157063923164,260.4180240133501,346.23118077213076,3,58.63500217423002
sma_btc-080,recent_2026,base,-63.786935965745215,-0.6378693596574503,140.24967987787204,143.40203424324864,4,63.00616818474401
sma_btc-080,recent_2026,cost,-84.8626430673412,-0.8486264306734159,150.18882977680005,154.77337699477175,4,78.48535983934
sma_btc-080,recent_2026,delay,-95.21000094528063,-0.9521000094528054,141.65552910819133,160.52298208931097,4,62.90630108728001
sma_btc-080,recent_2026,combined,-116.07000309167051,-1.160700030916706,146.06251563529986,164.79950627360085,4,78.36091996467002
sma_btc-090,development,base,105.47091172480032,1.0547091172480094,112.54540403763167,154.05350700998315,2,32.822242711200005
sma_btc-090,development,cost,94.07913518031819,0.940791351803183,117.30381301068155,153.22289697000087,2,40.90575543368001
sma_btc-090,development,delay,88.28846648723265,0.8828846648723188,114.71004313731282,152.00320747862315,2,32.662615394768004
sma_btc-090,development,combined,76.99838041803923,0.7699838041803853,119.44888716386959,151.18357406723953,2,40.70702637196
sma_btc-090,later_2025,base,-137.36337347900735,-1.3736337347900696,251.98784365062238,339.46732046886245,3,46.82999516400801
sma_btc-090,later_2025,cost,-152.65187112448984,-1.5265187112448952,261.2736193637011,348.19005982169074,3,58.36133583949001
sma_btc-090,later_2025,delay,-114.25526090247877,-1.1425526090247828,255.7607036334084,342.0893385745276,3,47.01366155848001
sma_btc-090,later_2025,combined,-129.6687492930996,-1.2966874929309924,264.9891119081385,350.76241276973997,3,58.5794253091
sma_btc-090,recent_2026,base,14.636182551759703,0.14636182551759358,115.16630318544048,131.56791361846444,2,32.05619672924
sma_btc-090,recent_2026,cost,3.782925321320363,0.03782925321320629,114.54559730658002,136.21187468934113,2,39.95202376668
sma_btc-090,recent_2026,delay,-75.89897222041691,-0.758989722204173,138.9514479059544,157.85569714307348,2,31.295469581416008
sma_btc-090,recent_2026,combined,-86.21917553463936,-0.8621917553463976,143.5379913504603,162.3315715173594,2,39.00485389264
sma_eth-010,development,base,-545.9609898307644,-5.459609898307649,551.6585454673041,581.9440700752275,12,182.61926028826483
sma_eth-010,development,cost,-604.3092533243307,-6.0430925332433105,604.5923079713448,634.54110323042,12,227.026249359932
sma_eth-010,development,delay,-567.3216576104114,-5.673216576104112,572.148772496952,603.3796649596625,12,182.03468977211284
sma_eth-010,development,combined,-625.4370226010578,-6.254370226010575,630.2142513706021,661.098968457738,12,226.30161466765398
sma_eth-010,later_2025,base,-135.12775592385515,-1.3512775592385506,665.8139028532714,691.9957225327798,9,142.5927981614576
sma_eth-010,later_2025,cost,-182.233000151944,-1.8223300015194455,693.842067886837,719.7848518065166,9,177.547392022447
sma_eth-010,later_2025,delay,-48.928227384174534,-0.48928227384174017,690.2880449901131,716.3496527987918,9,143.3663776010728
sma_eth-010,later_2025,combined,-96.95114465746337,-0.9695114465746335,723.6839873244498,749.5072286609702,9,178.50444604346401
sma_eth-010,recent_2026,base,-308.46053645757274,-3.084605364575732,390.6970590443416,407.26169177630254,17,263.40112366617115
sma_eth-010,recent_2026,cost,-395.3368280823943,-3.9533682808239434,445.58136321728307,461.9628812945157,17,326.99478725149504
sma_eth-010,recent_2026,delay,-449.35184429237415,-4.4935184429237385,480.48272049422667,489.9612767447634,17,260.8562402901776
sma_eth-010,recent_2026,combined,-534.2960294169025,-5.3429602941690195,559.8725192544389,569.2239122394403,17,323.84932081079705
sma_eth-015,development,base,-218.80894711354267,-2.1880894711354237,437.69801415592156,462.0128790111212,9,140.00299382764078
sma_eth-015,development,cost,-265.040488743025,-2.6504048874302466,466.2475330477628,490.36463766125416,9,174.17192894992098
sma_eth-015,development,delay,-101.40633012877333,-1.0140633012877376,364.5170654765243,393.0141299838742,9,141.2946406030744
sma_eth-015,development,combined,-148.92776782552028,-1.4892776782552075,399.04271656765195,427.29851676712497,9,175.847008071718
sma_eth-015,later_2025,base,-156.9232376590844,-1.5692323765908456,673.5022533681404,706.9658689647276,9,142.36735541688162
sma_eth-015,later_2025,cost,-203.8532679979653,-2.0385326799796544,706.7598487993109,739.9008361946726,9,177.266267710166
sma_eth-015,later_2025,delay,-66.40037814858988,-0.6640037814859001,674.5558660295665,705.9421845779871,9,143.2651787030888
sma_eth-015,later_2025,combined,-114.24352973408895,-1.1424352973408936,708.086745827457,734.2663120125817,9,178.379016041789
sma_eth-015,recent_2026,base,-278.47257643026023,-2.784725764302598,382.79352981281045,399.3870478745648,16,249.026669986264
sma_eth-015,recent_2026,cost,-360.63956754088395,-3.6063956754088355,437.88557464349833,454.2954017628108,16,309.237428067785
sma_eth-015,recent_2026,delay,-219.92957313250372,-2.199295731325035,284.71033141069347,301.28785667065495,16,250.97946418220405
sma_eth-015,recent_2026,combined,-302.8463007447135,-3.0284630074471353,346.8782384517017,357.28287646895296,16,311.653690623007
sma_eth-020,development,base,-178.70328473791596,-1.7870328473791552,403.1041251554234,427.4924237034247,8,124.9947389304136
sma_eth-020,development,cost,-220.0368837401511,-2.200368837401512,432.14820206550394,456.3508474256487,8,155.540538273649
sma_eth-020,development,delay,-133.16846528491988,-1.3316846528491966,392.59892139817566,421.0129331404896,8,125.00656337941844
sma_eth-020,development,combined,-174.94113643018682,-1.7494113643018672,421.7187359806594,449.90780052753325,8,155.57468030328502
sma_eth-020,later_2025,base,-70.4850044555169,-0.704850044555172,546.6711385868693,568.7789107651606,7,111.4372600430184
sma_eth-020,later_2025,cost,-107.56852904928564,-1.075685290492856,570.4507676000903,592.3682259475336,7,138.860963874787
sma_eth-020,later_2025,delay,132.51818350172834,1.3251818350172861,397.9442810659639,461.9784836166709,7,113.07586120767041
sma_eth-020,later_2025,combined,94.1001624130513,0.9410016241305108,417.3482254167375,470.26334801178746,7,140.96450573564704
sma_eth-020,recent_2026,base,-202.05109738199826,-2.020510973819978,355.35549019184145,372.01284932206727,9,140.0066919491952
sma_eth-020,recent_2026,cost,-248.4725703696331,-2.4847257036963333,389.95919528886225,406.4674805122704,9,174.177078591731
sma_eth-020,recent_2026,delay,-236.6941859685303,-2.366941859685301,328.11116270171624,344.6150030688859,9,139.8693850143328
sma_eth-020,recent_2026,combined,-282.7782613879099,-2.827782613879104,362.9325560625912,379.2884828504957,9,174.00670184770803
sma_eth-030,development,base,166.46965655365238,1.6646965655365165,226.41850740949485,258.69281123017936,4,65.17115868394721
sma_eth-030,development,cost,143.75855698336272,1.4375855698336215,230.4680582008441,262.56671124145214,4,81.20975758963802
sma_eth-030,development,delay,261.39164720165536,2.613916472016564,187.98321704579757,220.7741990364484,4,65.96539294384561
sma_eth-030,development,combined,238.0853245163289,2.3808532451632836,192.26805524845804,224.8805621199299,4,82.198252203171
sma_eth-030,later_2025,base,226.67368185349187,2.266736818534909,606.5244985163263,631.9636099362724,6,97.83415632650882
sma_eth-030,later_2025,cost,193.13642142180106,1.931364214218001,630.1846958261867,655.4838907338763,6,121.962871396398
sma_eth-030,later_2025,delay,228.4123680878456,2.284123680878447,665.7131425299049,678.4138097685081,6,97.848177705752
sma_eth-030,later_2025,combined,194.86816365129744,1.9486816365129833,689.0606232758873,701.6926877593432,6,121.98036414320302
sma_eth-030,recent_2026,base,-180.56121700660515,-1.805612170066051,328.9617947062561,345.66447729115316,10,155.996014012208
sma_eth-030,recent_2026,cost,-232.45000278034786,-2.3245000278034778,363.79949093132564,380.35248126634906,10,194.01527572904706
sma_eth-030,recent_2026,delay,-227.33260089979922,-2.273326008997989,306.55074457471346,320.165987245593,10,155.9404299300016
sma_eth-030,recent_2026,combined,-278.74415391338334,-2.787441539133828,352.01539001820856,365.4911392233698,10,193.94630625038397
sma_eth-040,development,base,377.80303073877076,3.778030307387703,168.08060270768692,206.14197530567617,1,19.047822524628803
sma_eth-040,development,cost,370.37652378290295,3.7037652378290264,167.17720078491402,205.032663824275,1,23.743176849997003
sma_eth-040,development,delay,380.2926244585724,3.8029262445857137,167.35789599959026,205.25561372692573,1,19.067899867827204
sma_eth-040,development,combined,372.85728304532495,3.7285728304532473,166.4588838777472,204.15169184810293,1,23.768235303876004
sma_eth-040,later_2025,base,335.7537256214655,3.35753725621466,492.9290012503152,504.4486547059205,4,66.640273309036
sma_eth-040,later_2025,cost,312.10879002552065,3.121087900255204,500.920614010005,512.3774089099952,4,83.06092448797901
sma_eth-040,later_2025,delay,327.1554481174335,3.2715544811743325,497.8677562406301,509.006293074679,4,66.64244558006482
sma_eth-040,later_2025,combined,303.8511296786164,3.0385112967861616,505.9608312186065,517.0380869988785,4,83.07720276548301
sma_eth-040,recent_2026,base,227.56206615464544,2.2756206615464514,236.6004005075756,274.49358632342773,5,81.0450938921536
sma_eth-040,recent_2026,cost,198.97171804743812,1.9897171804743818,245.90437911801928,288.81306553372997,5,100.924358917863
sma_eth-040,recent_2026,delay,187.87160707292605,1.8787160707292694,252.62356934617492,269.09028317629964,5,80.6589449790784
sma_eth-040,recent_2026,combined,159.57942069517412,1.5957942069517506,272.35410500767284,288.6988700397833,5,100.444388090428
sma_eth-050,development,base,117.60045751728285,1.1760045751728176,274.5864651009797,316.32876286182363,2,32.781591945818406
sma_eth-050,development,cost,106.14534838003237,1.0614534838003342,272.9767528373486,314.4715732865516,2,40.85547238446701
sma_eth-050,development,delay,62.91610691951428,0.6291610691951499,311.7658409161504,371.47334446327113,2,32.3027221185864
sma_eth-050,development,combined,51.79099324993149,0.5179099324993164,309.9412735879687,369.29856773937536,2,40.259363855268006
sma_eth-050,later_2025,base,301.0000914621469,3.010000914621469,399.89746097442185,490.05035357119596,3,50.409781701652804
sma_eth-050,later_2025,cost,282.98084563015254,2.829808456301519,403.00520968573255,492.674668989157,3,62.827876133448015
sma_eth-050,later_2025,delay,211.00114521927935,2.1100114521927837,403.6047387713752,475.07659497058376,3,49.7046934753216
sma_eth-050,later_2025,combined,193.69330775025628,1.9369330775025562,406.80890245163573,477.8976842252723,3,61.96186053634601
sma_eth-050,recent_2026,base,133.275146560527,1.3327514656052752,338.72096671598047,355.275142933373,4,64.2518391582736
sma_eth-050,recent_2026,cost,110.8582062411624,1.1085820624116227,347.37014213286784,363.81739149710666,4,80.035585803038
sma_eth-050,recent_2026,delay,61.057235655966,0.6105723565596577,307.986662271569,366.67881034880156,4,63.651049754933595
sma_eth-050,recent_2026,combined,39.13167963109845,0.39131679631099203,322.0629966299912,375.1404699808263,4,79.28821316290201
sma_eth-060,development,base,-160.2694043273932,-1.6026940432739334,261.67251880856566,291.1200075809793,3,46.26834484579361
sma_eth-060,development,cost,-175.38407870855735,-1.75384078708557,265.41549725746154,289.4118396651902,3,57.652474614358
sma_eth-060,development,delay,-198.18861630765423,-1.9818861630765405,279.7345840069902,322.0921206569892,3,45.862177138252804
sma_eth-060,development,combined,-213.0592353955417,-2.1305923539554183,288.85479406991726,330.9637930346307,3,57.147176428942004
sma_eth-060,later_2025,base,416.68944552108223,4.166894455210812,416.5087348487359,506.66162744551,2,35.36244617532
sma_eth-060,later_2025,cost,403.66971907104744,4.03669719071047,419.65139817694035,509.3208574803648,2,44.08147109215201
sma_eth-060,later_2025,delay,450.81497432321703,4.50814974323217,443.43107697378036,514.9029331729907,2,35.6376524606824
sma_eth-060,later_2025,combined,437.6176548976273,4.376176548976263,446.42892619985287,517.5177079734895,2,44.424380402574
sma_eth-060,recent_2026,base,104.06385546525962,1.0406385546525954,265.0538922435808,282.5426200979655,4,64.2258121834392
sma_eth-060,recent_2026,cost,81.84030645533858,0.8184030645533857,276.8952865778756,296.7866181057907,4,80.002829839262
sma_eth-060,recent_2026,delay,174.72392386383035,1.7472392386383095,183.14177047679368,248.59022564923544,4,64.8259521306712
sma_eth-060,recent_2026,combined,151.99686520829528,1.519968652082948,192.74727929004257,257.77637929047705,4,80.749052765405
sma_eth-070,development,base,-72.41568336933778,-0.724156833693379,244.88420260504608,291.7829403009655,3,47.1724056110344
sma_eth-070,development,cost,-88.09411898783037,-0.8809411898783037,243.44513975865448,290.0676647392902,3,58.77724036023201
sma_eth-070,development,delay,-166.66923154477445,-1.6666923154477487,266.0449896209375,308.48700842077596,3,46.200139287476006
sma_eth-070,development,combined,-181.7414389082769,-1.817414389082772,269.86578487983206,312.05834985404,3,57.567637965676006
sma_eth-070,later_2025,base,411.4798724671764,4.114798724671753,436.71106396327923,508.20712128127707,2,35.3204339576224
sma_eth-070,later_2025,cost,398.4902066462728,3.9849020664627366,439.7446180971492,510.85745524560116,2,44.029153784928
sma_eth-070,later_2025,delay,375.3456979962284,3.7534569799622775,546.5737194923568,617.6356933025036,2,35.0290288565712
sma_eth-070,later_2025,combined,362.54956046993357,3.625495604699336,549.0139044275111,619.6949708274551,2,43.666115954767
sma_eth-070,recent_2026,base,-24.233128854401002,-0.24233128854400654,333.89633192824476,345.05634933784495,5,78.5173046183032
sma_eth-070,recent_2026,cost,-50.931751087602606,-0.5093175108760284,358.3093972024708,369.3897531324001,5,97.78259210670302
sma_eth-070,recent_2026,delay,33.506540517093526,0.3350654051709423,277.3115992170242,305.93323853054426,5,79.2533644834072
sma_eth-070,recent_2026,combined,6.372842560762365,0.06372842560762315,302.1425848219278,320.1228111430355,5,98.69734980083801
sma_eth-080,development,base,-39.74595275733009,-0.39745952757329617,244.91263270643503,291.8168151629943,4,63.38259243922799
sma_eth-080,development,cost,-60.98759299990161,-0.6098759299990153,243.21116324736067,289.78887905351985,4,78.95336990110202
sma_eth-080,development,delay,-216.86500544698902,-2.1686500544698895,319.37700841291735,361.58662496443685,4,61.5553334962888
sma_eth-080,development,combined,-236.87589918552658,-2.3687589918552687,333.3046498468302,375.22213454260964,4,76.68110371162501
sma_eth-080,later_2025,base,433.41829182652145,4.334182918265217,414.78254522521456,492.14895091706785,2,35.4973566002784
sma_eth-080,later_2025,cost,420.3133253540582,4.203133253540581,417.93117447859004,494.8829279749316,2,44.24958941544101
sma_eth-080,later_2025,delay,465.4769642185729,4.654769642185719,459.8063511944438,533.5626655477245,2,35.7558938437272
sma_eth-080,later_2025,combined,452.19734887647974,4.521973488764797,462.71195514794636,536.0729987220839,2,44.571649631021
sma_eth-080,recent_2026,base,42.955377568056065,0.42955377568056896,274.28799729612183,300.3031030943239,4,63.4388803781424
sma_eth-080,recent_2026,cost,21.157457317798617,0.21157457317799722,293.90684438354947,309.3029647305393,4,79.024372830101
sma_eth-080,recent_2026,delay,80.89024698937101,0.8089024698937131,233.33491966202018,264.64559768041,4,63.8977126238272
sma_eth-080,recent_2026,combined,58.825682438915464,0.588256824389144,253.23412342810298,273.85583880814556,4,79.59481380468401
sma_eth-090,development,base,-64.54132262587336,-0.6454132262587287,244.30293902020094,291.09035663868235,3,47.181115847972
sma_eth-090,development,cost,-80.27005827046378,-0.8027005827046407,242.7393137225754,289.2266649551075,3,58.78817824956301
sma_eth-090,development,delay,-170.01427005410733,-1.700142700541074,272.98991208997904,315.40166817645877,3,46.35115137520881
sma_eth-090,development,combined,-185.06948757244936,-1.85069487572449,282.0084201441241,324.1483333344331,3,57.75525288095101
sma_eth-090,later_2025,base,461.5939696320256,4.615939696320259,386.61100107627135,466.42836447863556,2,35.724579835972804
sma_eth-090,later_2025,cost,448.3374545548668,4.483374545548657,389.91108477953276,469.3006775832091,2,44.53266120773401
sma_eth-090,later_2025,delay,511.871187483277,5.118711874832771,417.95777983662083,495.3549698950519,2,36.1300409250232
sma_eth-090,later_2025,combined,498.3410431832599,4.983410431832591,421.0893123521855,498.0716641820527,2,45.037747780340005
sma_eth-090,recent_2026,base,31.836015815410065,0.31836015815409624,269.46464332397227,325.840453612529,4,63.27940581109041
sma_eth-090,recent_2026,cost,10.115469772501456,0.1011546977250255,289.1177474751239,334.69244792307836,4,78.826072133601
sma_eth-090,recent_2026,delay,3.9730793358012306,0.0397307933580171,294.9783520819328,316.5995618313318,4,63.05864574759842
sma_eth-090,recent_2026,combined,-17.545962166694153,-0.17545962166694018,314.4489553958665,325.5049998409977,4,78.551626087096
momentum_btc-010,development,base,-144.6413241894752,-1.4464132418947506,276.2981891852978,281.8773532665782,11,172.83444203047202
momentum_btc-010,development,cost,-202.16309591385834,-2.0216309591385873,316.795902825781,322.3241693299806,11,214.89563696386006
momentum_btc-010,development,delay,17.77645062036754,0.17776450620368145,159.04816814172773,163.23177792184106,11,175.30574373363206
momentum_btc-010,development,combined,-41.78588328769001,-0.41785883287690506,187.6402571380895,194.19231823819973,11,218.20507751469006
momentum_btc-010,later_2025,base,-241.2040423692597,-2.4120404236925963,341.6922275213892,346.4504130077894,10,156.69039017826407
momentum_btc-010,later_2025,cost,-292.66678787223645,-2.9266678787223666,384.6323837793989,389.34146217891794,10,194.98224903224005
momentum_btc-010,later_2025,delay,-318.37987930477175,-3.1837987930477207,394.7382572127244,403.09358984197206,10,155.52702427476802
momentum_btc-010,later_2025,combined,-368.9286016003389,-3.6892860160033902,439.4892729272178,447.75991667121707,10,193.46696099234003
momentum_btc-010,recent_2026,base,-285.65054545428575,-2.856505454542857,397.2234584832149,412.95401025460706,16,248.47783187928803
momentum_btc-010,recent_2026,cost,-367.66045304539875,-3.6766045304539863,462.4640835814389,483.15673543654884,16,308.5502260574
momentum_btc-010,recent_2026,delay,-132.3054568238913,-1.3230545682389128,222.1943193417792,238.18655671720444,16,253.848752411888
momentum_btc-010,recent_2026,combined,-216.50761683033124,-2.165076168303315,267.92936022478716,278.4451197306171,16,315.26014819733007
momentum_btc-015,development,base,4.9376476451834606,0.04937647645184562,200.99780384886435,212.23443186684926,7,110.98744327981602
momentum_btc-015,development,cost,-32.81935823549793,-0.3281935823549742,230.18309007671814,242.80388857559774,7,138.20541463350003
momentum_btc-015,development,delay,115.41233541056135,1.1541233541056073,158.7465184397588,171.79362537147063,7,112.44063710144
momentum_btc-015,development,combined,76.9058739432694,0.7690587394326931,179.02582874620748,191.96850378292766,7,140.01202798173003
momentum_btc-015,later_2025,base,-325.1572271122277,-3.2515722711222717,401.5156050201804,413.01978566878824,8,123.67569604822401
momentum_btc-015,later_2025,cost,-365.23383103038395,-3.6523383103038376,435.7945023572629,447.1956270891824,8,153.91462533438002
momentum_btc-015,later_2025,delay,-305.5492051316505,-3.0554920513165107,411.49120966721966,431.709067749347,8,123.77526938364801
momentum_btc-015,later_2025,combined,-345.8325668358084,-3.4583256683580865,440.5744886496068,465.80506302480717,8,154.05211517681
momentum_btc-015,recent_2026,base,-138.31736835988704,-1.3831736835988706,327.1342806358243,334.4603301791194,10,156.60043022688802
momentum_btc-015,recent_2026,cost,-190.63562750935853,-1.9063562750935903,362.0065363638587,374.35604554930796,10,194.76558639336
momentum_btc-015,recent_2026,delay,-240.24053595171426,-2.4024053595171457,345.80936452328206,361.79354562171466,10,155.65503943271202
momentum_btc-015,recent_2026,combined,-291.5313263784501,-2.9153132637845025,385.6941126085094,406.72078429912835,10,193.59336578545003
momentum_btc-020,development,base,55.47157112527566,0.5547157112527623,183.46055764336052,189.32977566000045,8,128.10761709572
momentum_btc-020,development,cost,11.779444983070789,0.11779444983071041,198.4587968420292,204.2959141857791,8,159.59503565593002
momentum_btc-020,development,delay,12.317132260288417,0.12317132260288854,139.09600683051212,159.75158255846145,8,127.38351525071202
momentum_btc-020,development,combined,-30.954082930904406,-0.3095408293090407,155.58508409978276,177.0638757820434,8,158.6777932229
momentum_btc-020,later_2025,base,-337.12588356777815,-3.3712588356777817,413.4842614757308,422.7741397902264,8,123.811771956776
momentum_btc-020,later_2025,cost,-377.08086733072014,-3.770808673307202,447.6415386575991,456.8480431784392,8,154.08375598272
momentum_btc-020,later_2025,delay,-246.3563942347173,-2.463563942347169,339.8953519708157,353.60492078003153,8,124.95946763872001
momentum_btc-020,later_2025,combined,-287.14745221320845,-2.871474522132089,373.68530442375777,388.30302466989815,8,155.52411027221
momentum_btc-020,recent_2026,base,-132.61049440127317,-1.3261049440127293,257.2977705896956,264.37962405420694,10,156.86885502228
momentum_btc-020,recent_2026,cost,-184.9854232322068,-1.849854232322068,276.2176498782592,290.4369363535061,10,195.09769608521003
momentum_btc-020,recent_2026,delay,-250.97412387559416,-2.509741238755947,281.42900123042455,299.9997412182656,10,155.5037552006
momentum_btc-020,recent_2026,combined,-302.1542515975707,-3.021542515975706,326.9887900731701,345.37301734776884,10,193.40528038457
momentum_btc-030,development,base,4.456435114527267,0.04456435114528201,131.87789640073606,177.51084206297674,8,127.07250230747202
momentum_btc-030,development,cost,-38.584850552380885,-0.38584850552381145,154.37072060938044,187.22937126482066,8,158.11904125238004
momentum_btc-030,development,delay,-77.07217162776033,-0.7707217162776003,189.08670873854498,210.81287907940714,8,126.03576444476003
momentum_btc-030,development,combined,-119.37097984256798,-1.1937097984256795,230.37345888452728,251.90286829658726,8,156.83261401757005
momentum_btc-030,later_2025,base,-146.77820306319518,-1.4677820306319478,253.43017650436377,263.4306832633083,6,94.56646710620001
momentum_btc-030,later_2025,cost,-177.88527383161454,-1.77885273831615,278.5769461570544,288.49778701929426,6,117.77252365861
momentum_btc-030,later_2025,delay,-88.1755583278391,-0.8817555832783874,212.5091212399675,255.61444069102436,6,95.19901573684001
momentum_btc-030,later_2025,combined,-119.74440459723155,-1.197444045972318,238.01863839084035,270.2332651258894,6,118.56356706822999
momentum_btc-030,recent_2026,base,-338.32587300766136,-3.3832587300766104,390.9561100791816,406.7796491260615,16,247.25117400366403
momentum_btc-030,recent_2026,cost,-419.6421840297571,-4.196421840297571,466.44322511009705,487.1924366289277,16,307.03194292375997
momentum_btc-030,recent_2026,delay,-379.71765695838985,-3.7971765695838933,394.3114941281492,412.63700584334947,16,246.64261811838398
momentum_btc-030,recent_2026,combined,-460.4907497055374,-4.604907497055377,474.89107122441783,492.97514032971776,16,306.27819758954
momentum_btc-040,development,base,-23.39320680545643,-0.23393206805456535,244.50427278648021,257.43612709483205,7,110.75412422745602
momentum_btc-040,development,cost,-60.82188290420527,-0.6082188290420509,269.48820442200486,282.31710383544487,7,137.85205091321006
momentum_btc-040,development,delay,-138.55895966160278,-1.3855895966160325,294.74977944240163,320.59792621584165,7,109.36906376860003
momentum_btc-040,development,combined,-174.9986600577613,-1.7499866005776132,319.4467661492108,345.10114031463127,7,136.13251750776
momentum_btc-040,later_2025,base,-161.58515130302476,-1.615851513030253,236.91667079382387,288.7177628514237,4,62.64120144802401
momentum_btc-040,later_2025,cost,-181.98296022128852,-1.8198296022128857,246.09996770886937,297.53941634857074,4,78.03085082029
momentum_btc-040,later_2025,delay,-198.1766031580937,-1.9817660315809338,242.47739816004832,293.9901590390873,4,62.21116412109601
momentum_btc-040,later_2025,combined,-218.32140280150088,-2.1832140280150125,251.5850881052702,302.7392844859205,4,77.4961844755
momentum_btc-040,recent_2026,base,-187.72686392660398,-1.8772686392660387,408.7228368457563,424.1987950650855,11,170.748811745608
momentum_btc-040,recent_2026,cost,-244.7895018283598,-2.447895018283597,442.82273998213896,471.1418527684582,11,212.31190796436005
momentum_btc-040,recent_2026,delay,-178.13366333449812,-1.7813366333449765,337.8164393740353,364.39086523108926,11,171.61986425049605
momentum_btc-040,recent_2026,combined,-235.3293682080821,-2.353293682080826,367.324254039293,398.8629735429222,11,213.40154584208
momentum_btc-050,development,base,7.922134135165834,0.07922134135165404,168.7104273570585,190.5671324979212,5,79.55069967383201
momentum_btc-050,development,cost,-19.031121707062994,-0.1903112170706267,189.0381143925606,210.73127833643957,5,99.06634026906003
momentum_btc-050,development,delay,30.29315808060892,0.3029315808060984,132.40249771667186,181.01703819062277,5,79.81664223939201
momentum_btc-050,development,combined,3.168230747602138,0.03168230747601086,152.97544223149634,185.342650864799,5,99.39673224040001
momentum_btc-050,later_2025,base,-264.02456350648026,-2.6402456350647974,378.64822156241644,395.72559731819274,6,92.93327678948
momentum_btc-050,later_2025,cost,-294.1812766865278,-2.9418127668652816,402.80221747480937,419.74288192805034,6,115.70751391953002
momentum_btc-050,later_2025,delay,-194.38749300302516,-1.9438749300302538,311.76442655836945,350.17788671467315,6,93.64349800302402
momentum_btc-050,later_2025,combined,-225.09870740766019,-2.2509870740766047,336.43029097813996,358.79859311315886,6,116.58980771566002
momentum_btc-050,recent_2026,base,-56.5191738632293,-0.565191738632298,360.0293586965745,362.4453510274543,7,110.238063438232
momentum_btc-050,recent_2026,cost,-93.65733432229172,-0.9365733432229129,373.17899813902113,375.57471724711104,7,137.21227611329002
momentum_btc-050,recent_2026,delay,-23.521556825491643,-0.23521556825492063,325.8601585844026,328.2826461543227,7,110.60281912048802
momentum_btc-050,recent_2026,combined,-60.9415771915119,-0.6094157719151228,339.2934351078602,341.6955552005402,7,137.66506092651
momentum_btc-060,development,base,99.83210938369666,0.9983210938369735,116.81438699028695,154.05350700998315,4,64.78839674930401
momentum_btc-060,development,cost,77.60310924371151,0.7760310924371128,132.26966700928824,153.22289697000087,4,80.71495124129001
momentum_btc-060,development,delay,18.041763569424802,0.18041763569425218,180.1996566920152,193.74290326161463,4,63.896000676576
momentum_btc-060,development,combined,-3.607644455982154,-0.03607644455981829,195.1874107574913,208.6357541846919,4,79.59188234398
momentum_btc-060,later_2025,base,-170.02491338071923,-1.7002491338071968,304.1090116387659,325.66775833595057,4,62.372210292720005
momentum_btc-060,later_2025,cost,-190.3652991364197,-1.903652991364202,318.31264288320017,335.40077988870144,4,77.69663795842001
momentum_btc-060,later_2025,delay,-156.9876909811046,-1.569876909811041,263.6396644222732,313.7575617092498,4,62.578349784104006
momentum_btc-060,later_2025,combined,-177.4202231135696,-1.7742022311356909,278.11189543900946,322.61018416340085,4,77.95288258257
momentum_btc-060,recent_2026,base,-58.43475341116755,-0.5843475341116733,279.6476735260312,304.03080033715196,4,62.665521160168
momentum_btc-060,recent_2026,cost,-79.53668459887922,-0.7953668459887875,283.2543994737189,312.71549664852864,4,78.06233118288
momentum_btc-060,recent_2026,delay,-100.01827262168081,-1.0001827262168028,281.4199986102394,303.4035670624635,4,62.47263673968001
momentum_btc-060,recent_2026,combined,-120.84028276888785,-1.2084028276888814,285.03316806461953,312.13034569160664,4,77.82218282589001
momentum_btc-070,development,base,88.42808428364879,0.8842808428364934,108.93337347859233,154.05350700998315,3,48.716175408352
momentum_btc-070,development,cost,71.7072912124022,0.7170729121240171,108.23235632352043,153.22289697000087,3,60.709170251600014
momentum_btc-070,development,delay,48.726551690208,0.4872655169020801,108.29277283679949,152.00320747862315,3,48.306957255792
momentum_btc-070,development,combined,32.2642164168592,0.32264216416859615,107.59550949972072,151.18357406723953,3,60.18885961314
momentum_btc-070,later_2025,base,-63.03813348652875,-0.630381334865282,177.66259624988925,264.3440705483208,2,31.493662047527998
momentum_btc-070,later_2025,cost,-73.46979791043668,-0.7346979791043706,182.0915396324781,268.3064523601588,2,39.26185903444001
momentum_btc-070,later_2025,delay,-40.73318688308791,-0.4073318688308736,182.33336744326334,268.89665872256046,2,31.673535103088
momentum_btc-070,later_2025,combined,-51.28586119893953,-0.5128586119893974,186.73705803419944,272.83442783516875,2,39.48592973094
momentum_btc-070,recent_2026,base,31.507455105103872,0.3150745510510422,256.66227030763184,259.10408744395136,3,47.74814567189601
momentum_btc-070,recent_2026,cost,15.172772767302376,0.15172772767302334,260.5673851003594,265.09271309073847,3,59.494257280700005
momentum_btc-070,recent_2026,delay,-64.36700165366346,-0.6436700165366349,234.1676827852807,266.75561039744025,3,46.908009347664006
momentum_btc-070,recent_2026,combined,-80.08952229729039,-0.8008952229729083,232.90720776576018,265.3194841605,3,58.448774138290005
momentum_btc-080,development,base,-36.58390957792108,-0.3658390957792079,173.41236125574505,199.14825814220785,4,63.525310992920005
momentum_btc-080,development,cost,-57.854945771601706,-0.5785494577160155,188.46855334800057,214.02522752400182,4,79.1307274456
momentum_btc-080,development,delay,-128.3721856402717,-1.2837218564027197,249.40604980811258,274.5058867710886,4,62.58542032427199
momentum_btc-080,development,combined,-149.0035549216609,-1.4900355492166062,263.9121048620891,288.83806579888915,4,77.96194631766
momentum_btc-080,later_2025,base,-117.96962330585484,-1.179696233058547,232.5940843292483,319.0881327546558,3,47.011146958856
momentum_btc-080,later_2025,cost,-133.35664423313028,-1.333566442331302,241.9783833663205,327.9146245134507,3,58.57624072413001
momentum_btc-080,later_2025,delay,-100.65224227359977,-1.0065224227360003,241.87679338055932,327.509687238864,3,47.1174405386
momentum_btc-080,later_2025,combined,-116.15167967272282,-1.1615167967272244,251.19256215144196,336.2736065743229,3,58.70855598472001
momentum_btc-080,recent_2026,base,-231.8366272973126,-2.318366272973127,260.5071466101763,279.11435243865526,3,45.745995312312004
momentum_btc-080,recent_2026,cost,-246.49339622393018,-2.464933962239302,264.2188441316812,282.708581369081,3,57.00238955293001
momentum_btc-080,recent_2026,delay,-216.84504657849538,-2.1684504657849546,242.60480001849646,264.2900230872965,3,45.886605113496
momentum_btc-080,recent_2026,combined,-231.59535228979803,-2.3159535228979844,246.4293027839285,267.9757720720081,3,57.177366703800004
momentum_btc-090,development,base,-25.524354233984923,-0.2552435423398447,162.41745178908786,188.18192446265493,3,47.718145182984
momentum_btc-090,development,cost,-41.50882510697011,-0.41508825106970626,172.21747026183039,197.81615445422904,3,59.45613010397001
momentum_btc-090,development,delay,-98.00163802192037,-0.9800163802192063,219.21022242063918,244.38729196719942,3,46.98889056792
momentum_btc-090,development,combined,-113.517330789693,-1.1351733078969306,228.62899550374095,253.64474045134193,3,58.54881434269001
momentum_btc-090,later_2025,base,0.9597023916812759,0.009597023916807501,136.48116795174428,223.7883691276802,1,16.008755796320003
momentum_btc-090,later_2025,cost,-4.430917390318427,-0.04430917390318978,135.74679492528048,222.58346870627975,1,19.957238966320006
momentum_btc-090,later_2025,delay,32.82720712484843,0.328272071248481,135.5049928823355,222.18773344992042,1,16.265742127152002
momentum_btc-090,later_2025,combined,27.26399312672038,0.27263993126720454,134.7758049052809,220.9913403112805,1,20.27737677728
momentum_btc-090,recent_2026,base,-222.76751040370982,-2.227675104037097,235.03817298342256,256.7102697792616,3,45.85141106371201
momentum_btc-090,recent_2026,cost,-237.47790131498004,-2.374779013149797,249.6717790488201,271.2052785845008,3,57.13359721098
momentum_btc-090,recent_2026,delay,-241.98861905236663,-2.419886190523668,254.14226101076565,267.3429060955659,3,45.673627062368006
momentum_btc-090,recent_2026,combined,-256.5772824127307,-2.5657728241273103,268.65493310905185,281.77121751577033,3,56.91237990973
momentum_eth-010,development,base,-410.0185221792799,-4.100185221792795,466.5796664249701,486.7322870985063,13,200.71767674978327
momentum_eth-010,development,cost,-475.00571895791836,-4.7500571895791825,525.8407377918502,545.7587569511306,13,249.44679914782097
momentum_eth-010,development,delay,-399.80144887792085,-3.9980144887792113,468.2873793155122,493.0022700555128,13,199.65139315072324
momentum_eth-010,development,combined,-464.8884621019788,-4.648884621019789,496.56875988078536,521.0833391193737,13,248.12462313107895
momentum_eth-010,later_2025,base,-112.15537289646818,-1.121553728964686,699.7175568785569,757.1639214044826,12,190.650360467164
momentum_eth-010,later_2025,cost,-175.44663932484036,-1.7544663932483995,732.7843800119044,789.6444549003118,12,237.36280207253097
momentum_eth-010,later_2025,delay,-207.73259959185089,-2.077325995918511,682.7108838906734,744.9795078670832,12,189.32888447555436
momentum_eth-010,later_2025,combined,-269.94585336286946,-2.699458533628696,732.7533520727611,788.1041943538894,12,235.520541654771
momentum_eth-010,recent_2026,base,-536.38220088245,-5.363822008824504,598.6301017918577,614.668244633036,20,306.41707371724476
momentum_eth-010,recent_2026,cost,-635.3830296396645,-6.353830296396645,675.631151587113,687.4115364419667,20,380.148529467765
momentum_eth-010,recent_2026,delay,-357.18672460470225,-3.5718672460470224,406.8725099282692,420.33998442894153,19,297.4228582564041
momentum_eth-010,recent_2026,combined,-453.9692522355417,-4.539692522355421,498.0011899425299,511.26649192372497,19,369.100333666546
momentum_eth-015,development,base,-235.45784492209168,-2.354578449220912,424.2408948018565,448.5754788810573,9,140.22627213319598
momentum_eth-015,development,cost,-281.50732394889747,-2.8150732394889744,453.11664017397925,477.2662444312409,9,174.44930322419904
momentum_eth-015,development,delay,-197.61151458115273,-1.97611514581153,451.8409657759621,479.50482540015037,9,139.99666921004882
momentum_eth-015,development,combined,-244.10995722031112,-2.4410995722031092,479.9320018733106,507.94974351250494,9,174.19012666161103
momentum_eth-015,later_2025,base,-142.00439990894665,-1.4200439990894709,618.2740411126833,635.988468339001,11,174.51006611024718
momentum_eth-015,later_2025,cost,-199.80678236047788,-1.9980678236047766,657.2073624882614,674.7310130014212,11,217.27005150568397
momentum_eth-015,later_2025,delay,21.230556508271548,0.21230556508271548,576.7860345453118,600.0648000150086,11,176.15896260532642
momentum_eth-015,later_2025,combined,-38.28019971988215,-0.3828019971988228,611.3811189780681,639.7572312402444,11,219.49837363977906
momentum_eth-015,recent_2026,base,-268.45481148543695,-2.684548114854368,416.4873202514973,432.85204902812984,14,217.79574453424166
momentum_eth-015,recent_2026,cost,-340.28733472503336,-3.4028733472503347,466.03774090605475,483.57227131214313,14,270.59303092463597
momentum_eth-015,recent_2026,delay,-336.41471402582647,-3.3641471402582668,463.7962037615107,480.0328769729149,14,216.39957968233205
momentum_eth-015,recent_2026,combined,-407.41755797699443,-4.074175579769945,512.8485652610452,528.9147072370615,14,268.863849395897
momentum_eth-020,development,base,252.2154604803618,2.522154604803628,212.32367385650286,244.59797767718737,6,98.02053699364001
momentum_eth-020,development,cost,218.14745577687063,2.1814745577687145,227.24484786589164,259.3435009064997,6,122.16960287852801
momentum_eth-020,development,delay,221.46823623478485,2.214682362347853,187.17239570713355,219.96337769778438,6,97.59545287931441
momentum_eth-020,development,combined,187.63718878314648,1.876371887831474,202.24147266917134,234.8539795406432,6,121.63050085634899
momentum_eth-020,later_2025,base,152.39813877215784,1.5239813877215846,562.3672221164106,581.1455241309377,11,177.24027861264324
momentum_eth-020,later_2025,cost,92.32905210579338,0.923290521057929,613.2008566425266,631.8781171193896,11,220.95461385941
momentum_eth-020,later_2025,delay,18.698307242615556,0.1869830724261501,590.693486110793,595.6301727094942,11,176.16205375268078
momentum_eth-020,later_2025,combined,-40.65032619359408,-0.4065032619359421,641.3725891436497,646.2828147399032,11,219.611388681194
momentum_eth-020,recent_2026,base,-238.6477554917219,-2.3864775549172212,368.62879101071667,394.24941201698493,11,170.28370097871834
momentum_eth-020,recent_2026,cost,-295.17274669643484,-2.951727466964349,401.17343155628623,428.478247891675,11,211.73368856743605
momentum_eth-020,recent_2026,delay,-246.06182240553971,-2.4606182240553998,298.6477587180252,312.2369080937042,11,171.2644944009392
momentum_eth-020,recent_2026,combined,-302.49973239095743,-3.024997323909573,349.26615001221035,362.7089691424899,11,212.949660138554
momentum_eth-030,development,base,363.6387743141113,3.636387743141123,143.96213116227045,203.4216880826625,3,50.897333009489614
momentum_eth-030,development,cost,345.331906470381,3.453319064703808,144.86113662929347,202.22090406460848,3,63.43580558091901
momentum_eth-030,development,delay,52.34689939385862,0.5234689939385806,189.72976011752326,205.0394235607564,3,48.40548221754241
momentum_eth-030,development,combined,35.854331956279566,0.3585433195627985,194.03025438419718,209.2564882806073,3,60.332855611619
momentum_eth-030,later_2025,base,391.6841097118722,3.9168410971187173,455.18672180816793,460.0610228659698,5,83.1638610320296
momentum_eth-030,later_2025,cost,362.64908916509376,3.6264908916509464,474.2756828243455,479.1238680929764,5,103.673120560506
momentum_eth-030,later_2025,delay,485.83067937391934,4.858306793739198,390.0472595285173,408.45792281809554,5,83.9231083896784
momentum_eth-030,later_2025,combined,456.2851395628495,4.562851395628487,409.48867246414375,417.03301560532964,5,104.61893991565103
momentum_eth-030,recent_2026,base,-8.464111569879606,-0.0846411156987914,366.4290631383792,398.1728792128888,10,156.4186199387832
momentum_eth-030,recent_2026,cost,-62.08296485835126,-0.6208296485835096,400.9485079238202,437.5757795861591,10,194.539557127653
momentum_eth-030,recent_2026,delay,-156.40516427673356,-1.564051642767339,485.8803757188198,502.10634054814545,10,154.351384804736
momentum_eth-030,recent_2026,combined,-208.50494809484917,-2.0850494809484865,529.592495257586,545.6661457705941,10,191.977165442854
momentum_eth-040,development,base,-96.46862864421564,-0.9646862864421513,170.21979573104727,186.52962109731925,2,31.055228384916
momentum_eth-040,development,cost,-106.66314473950843,-1.0666314473950833,169.2195762044703,185.43265049034017,2,38.705891597308
momentum_eth-040,development,delay,-253.81289860698962,-2.5381289860698986,253.86549333098992,283.55521502898955,2,29.7484559610888
momentum_eth-040,development,combined,-263.0855966028266,-2.630855966028267,263.13791984641466,292.65196660458787,2,37.078792129426006
momentum_eth-040,later_2025,base,205.73281108399897,2.0573281108399843,356.2425725126195,449.3784950019126,6,97.59376448430162
momentum_eth-040,later_2025,cost,172.13110496552144,1.7213110496552053,375.757755740442,468.39422631464913,6,121.651007746876
momentum_eth-040,later_2025,delay,269.70208061860285,2.6970208061860346,345.10475940018114,370.60103414765035,6,98.1811591970968
momentum_eth-040,later_2025,combined,235.9369950328528,2.359369950328527,364.787746227712,390.1466487558264,6,122.39520258524699
momentum_eth-040,recent_2026,base,-82.50090569979875,-0.8250090569979829,439.99469571999543,475.42566877573336,8,125.14858168790161
momentum_eth-040,recent_2026,cost,-124.73194161191714,-1.2473194161191747,473.7243028461271,503.77734741880886,8,155.74330812941702
momentum_eth-040,recent_2026,delay,-146.84788122938335,-1.4684788122938386,519.2382979693102,573.0279053230879,8,123.87956601328243
momentum_eth-040,recent_2026,combined,-188.51445394311668,-1.8851445394311717,552.3973567523444,600.6135903018985,8,154.16790770911604
momentum_eth-050,development,base,10.037877808115809,0.10037877808115603,246.13676816280167,293.2753896197628,3,47.9282627546848
momentum_eth-050,development,cost,-6.17256913138408,-0.06172569131384087,244.55250354902455,291.38710134421854,3,59.71771422278201
momentum_eth-050,development,delay,-226.08692147021975,-2.260869214702199,328.507665063531,370.67749392601036,3,45.7275149133208
momentum_eth-050,development,combined,-240.78199187186146,-2.4078199187186122,337.17227613217256,379.072990292796,3,56.979408828062006
momentum_eth-050,later_2025,base,418.4858252721806,4.1848582527218126,450.03875603587767,518.4826967470781,2,35.3769328268208
momentum_eth-050,later_2025,cost,405.46044196449293,4.054604419644936,452.9989020254252,521.0759837804708,2,44.099559742108006
momentum_eth-050,later_2025,delay,477.9991437507779,4.77999143750778,428.11869699148156,500.2167446036419,2,35.85687924832241
momentum_eth-050,later_2025,combined,464.653814553998,4.646538145539991,431.198015791133,502.90951430350106,2,44.6974719926
momentum_eth-050,recent_2026,base,82.06123776488676,0.8206123776488772,252.75940212799287,264.3105614671931,5,79.675405601912
momentum_eth-050,recent_2026,cost,54.56441951819943,0.5456441951819935,263.5757228960392,275.0440455216558,5,99.221835340202
momentum_eth-050,recent_2026,delay,171.23736577477212,1.7123736577477233,234.2121198334844,245.96092098708505,5,80.8147983375304
momentum_eth-050,recent_2026,combined,143.067556370097,1.4306755637009783,243.28904877347304,254.95315443496656,5,100.63780592170002
momentum_eth-060,development,base,20.446127191378764,0.2044612719137806,246.3926974773167,293.580332964837,3,48.02878403512081
momentum_eth-060,development,cost,4.168011002479034,0.041680110024788775,244.80554321678392,291.6886009986629,3,59.842772307221004
momentum_eth-060,development,delay,-174.4309599984481,-1.7443095999844838,277.3628925582925,319.7555919825336,3,46.22719965044801
momentum_eth-060,development,combined,-189.45603073144594,-1.8945603073144635,286.3517663151324,328.47284653466886,3,57.60112659014501
momentum_eth-060,later_2025,base,461.5939696320256,4.615939696320259,386.61100107627135,466.42836447863556,2,35.724579835972804
momentum_eth-060,later_2025,cost,448.3374545548668,4.483374545548657,389.91108477953276,469.3006775832091,2,44.53266120773401
momentum_eth-060,later_2025,delay,511.871187483277,5.118711874832771,417.95777983662083,495.3549698950519,2,36.1300409250232
momentum_eth-060,later_2025,combined,498.3410431832599,4.983410431832591,421.0893123521855,498.0716641820527,2,45.037747780340005
momentum_eth-060,recent_2026,base,16.855917438544566,0.16855917438545198,291.4980024631586,305.9506521504063,5,78.680719637156
momentum_eth-060,recent_2026,cost,-10.136324765677273,-0.10136324765677163,316.21185307010273,327.0808890602766,5,97.98589667117501
momentum_eth-060,recent_2026,delay,92.59592559388693,0.9259592559388796,215.31038532150524,270.7805192065953,5,79.65623696571042
momentum_eth-060,recent_2026,combined,65.02511887208675,0.6502511887208628,240.59891960811365,279.95695516920205,5,99.198107074114
momentum_eth-070,development,base,-254.17499310706808,-2.5417499310706804,398.3524981117498,439.0448864769496,4,61.4133767118688
momentum_eth-070,development,cost,-273.9358580236858,-2.7393585802368614,411.8086135107151,452.2193791181253,4,76.50430054228801
momentum_eth-070,development,delay,-213.95831853249,-2.1395831853249003,315.6421913705908,357.4907558672312,4,61.531239075188
momentum_eth-070,development,combined,-233.98979523681191,-2.3398979523681196,329.59549028121546,371.1541401808954,4,76.65117152141
momentum_eth-070,later_2025,base,466.6373301470194,4.666373301470195,413.43758988760237,538.2523318713338,1,19.7642282897792
momentum_eth-070,later_2025,cost,458.7353927247714,4.587353927247717,411.2094245895896,535.3550907895078,1,24.635690917430004
momentum_eth-070,later_2025,delay,476.18667565335454,4.761866756533539,410.11048812651825,533.9207947177729,1,19.8412390588464
momentum_eth-070,later_2025,combined,468.2338134336569,4.682338134336561,407.8994031035563,531.0457614132665,1,24.731634361544003
momentum_eth-070,recent_2026,base,165.9198481251824,1.6591984812518223,148.94418231696727,210.74116514424168,2,33.1501901500192
momentum_eth-070,recent_2026,cost,154.18598715088046,1.5418598715088105,153.4473710443035,209.60302777029028,2,41.314525199619005
momentum_eth-070,recent_2026,delay,165.5707168721965,1.6557071687219649,154.92290212504486,211.79504763866862,2,33.1424232040016
momentum_eth-070,recent_2026,combined,153.8409552212397,1.5384095522124053,159.39649838477635,210.65227584291097,2,41.30489104836001
momentum_eth-080,development,base,-125.25825669765072,-1.2525825669765123,277.707660748556,322.0064704333563,2,30.811022098051204
momentum_eth-080,development,cost,-135.28562149660502,-1.3528562149660472,281.4794488028365,325.5180252753544,2,38.401815070004005
momentum_eth-080,development,delay,-135.77613795880643,-1.3577613795880628,242.12107818666482,286.0017966920241,2,30.7238857696064
momentum_eth-080,development,combined,-145.73997438938568,-1.4573997438938613,246.08046764701248,289.7033891664105,2,38.293344252586
momentum_eth-080,later_2025,base,493.19935858426834,4.931993585842687,413.43758988760237,538.2523318713338,1,19.9784381965312
momentum_eth-080,later_2025,cost,485.1576315404018,4.851576315404027,411.2094245895896,535.3550907895078,1,24.902582218598003
momentum_eth-080,later_2025,delay,443.6651618616688,4.436651618616683,410.11048812651825,533.9207947177729,1,19.5789687863328
momentum_eth-080,later_2025,combined,435.8875362502167,4.358875362502168,407.8994031035563,531.0457614132665,1,24.404904288984003
momentum_eth-080,recent_2026,base,-131.14808497593913,-1.3114808497593944,179.67523646705376,210.72866221965523,4,62.4179856099376
momentum_eth-080,recent_2026,cost,-151.75539456644037,-1.5175539456644072,194.66810963808712,220.25305984513943,4,77.75395174714302
momentum_eth-080,recent_2026,delay,-197.59071014645815,-1.9759071014645802,227.21608668523186,240.87276591035334,4,61.9048154160592
momentum_eth-080,recent_2026,combined,-217.73353439264065,-2.177335343926412,247.15947353433876,260.7197965349369,4,77.115692909539
momentum_eth-090,development,base,-314.3717182606888,-3.1437171826068866,458.51557533207233,499.19329371359163,2,29.0916009174896
momentum_eth-090,development,cost,-323.29041250822956,-3.232904125082292,461.23271709034634,501.6738046284281,2,36.26118661363
momentum_eth-090,development,delay,-370.76441612520466,-3.707644161252044,468.6111983006431,508.78685002432394,2,28.556237383304804
momentum_eth-090,development,combined,-379.3504618849656,-3.7935046188496524,471.2504161737743,511.19344168413045,2,35.594733819465006
momentum_eth-090,later_2025,base,257.5206806187907,2.575206806187902,590.549674316082,677.9058323927038,1,18.0778036968096
momentum_eth-090,later_2025,cost,250.7478790488949,2.5074787904889595,587.369111664455,674.2546974353518,1,22.534806940906
momentum_eth-090,later_2025,delay,299.5621292353262,2.9956212923532677,584.9240653548859,672.4504462740479,1,18.4168475554752
momentum_eth-090,later_2025,combined,292.5587636371456,2.9255876363714517,581.771979276642,668.8272986402044,1,22.957138909054002
momentum_eth-090,recent_2026,base,-147.06116243434371,-1.470611624343432,189.725903946357,213.17736480501117,4,62.233045320944
momentum_eth-090,recent_2026,cost,-167.55510404775123,-1.6755510404775076,204.65236460254891,227.95631668467468,4,77.52406103435202
momentum_eth-090,recent_2026,delay,-297.04779745865744,-2.9704779745865717,326.3725891322265,339.89070501862625,4,60.9002341440576
momentum_eth-090,recent_2026,combined,-316.508849619333,-3.1650884961933246,345.6376639792543,359.0610632951739,4,75.866380574134
channel_btc-010,development,base,27.72607606075144,0.2772607606075228,150.27010275588873,172.16790669494367,5,79.76010911224802
channel_btc-010,development,cost,0.5379942523723003,0.005379942523719983,170.7503351305677,176.48912216110875,5,99.36856880863
channel_btc-010,development,delay,110.61868875987602,1.106186887598759,127.04906062876944,151.180996217985,5,80.69284601312802
channel_btc-010,development,combined,82.88647138116903,0.8288647138116945,131.6227317028206,155.62528656867107,5,100.52873149183
channel_btc-010,later_2025,base,-278.26676414942267,-2.7826676414942297,291.7991285727021,307.0379780889889,6,92.86909180242401
channel_btc-010,later_2025,cost,-308.3087997692801,-3.0830879976928016,318.7870877139103,333.904120247591,6,115.62786502528
channel_btc-010,later_2025,delay,-210.30462204554897,-2.1030462204554845,214.91213787651031,261.865175249759,6,93.681980736552
channel_btc-010,later_2025,combined,-240.89721330041903,-2.4089721330041947,240.89721330041903,276.9982534182982,6,116.64667729042003
channel_btc-010,recent_2026,base,-215.20456799689782,-2.1520456799689835,275.35659469360326,288.1013376076171,8,124.27188725889603
channel_btc-010,recent_2026,cost,-256.24868920803056,-2.5624868920803068,310.63892261850015,328.48957315359075,8,154.64356612503002
channel_btc-010,recent_2026,delay,-172.20591866465475,-1.7220591866465518,176.1102519340311,194.8520419461911,8,125.59282539765603
channel_btc-010,recent_2026,combined,-213.64558027879866,-2.1364558027879843,217.5147944909586,236.08751372635743,8,156.28289921080003
channel_btc-015,development,base,9.270251387999451,0.09270251388000528,98.63913455657712,119.15106027280126,3,47.880083363000004
channel_btc-015,development,cost,-6.933559057459206,-0.06933559057459293,114.15001353974003,134.5311327724994,3,59.657855307460004
channel_btc-015,development,delay,85.1010690191215,0.8510106901912229,80.64365725833522,89.56269409392007,3,48.632938147880004
channel_btc-015,development,combined,68.40487393837066,0.6840487393837025,80.12339225352116,88.98485987159984,3,60.59451057263001
channel_btc-015,later_2025,base,-187.53844624937665,-1.8753844624937677,190.5095349778403,276.50135900004716,3,46.336023300376006
channel_btc-015,later_2025,cost,-202.4803828928707,-2.024803828928712,202.481176630321,287.9214569606702,3,57.73627461587001
channel_btc-015,later_2025,delay,-113.09613264107065,-1.1309613264107066,152.51811821823867,238.75015510393496,3,47.029745636072
channel_btc-015,later_2025,combined,-128.53531183004088,-1.285353118300414,163.12510894795923,248.80207363028057,3,58.60833215804
channel_btc-015,recent_2026,base,-54.80097245401521,-0.548009724540155,130.43306856297568,135.02562588239925,5,79.099011462016
channel_btc-015,recent_2026,cost,-81.28621351089896,-0.8128621351089937,140.43129442401914,154.82430460197793,5,98.5047363629
channel_btc-015,recent_2026,delay,-80.81936930027223,-0.8081936930027234,148.65369770924735,167.56975178604625,5,79.17488763127201
channel_btc-015,recent_2026,combined,-107.1147988069988,-1.071147988069987,163.77373838799758,182.5486251372986,5,98.59871516300001
channel_btc-020,development,base,14.306003552159382,0.14306003552160274,93.97267016265687,114.49492916591953,2,31.99026164184
channel_btc-020,development,cost,3.4581203246416408,0.03458120324641989,103.86983000693908,124.27214384279796,2,39.87004666336
channel_btc-020,development,delay,84.54018741798427,0.8454018741798519,82.29329148748911,147.37676335091237,2,32.661097742016004
channel_btc-020,development,combined,73.27240946415805,0.7327240946415792,81.84943639224002,146.58231334031916,2,40.705108545840005
channel_btc-020,later_2025,base,-221.84499064144256,-2.2184499064144214,225.84148785860998,311.5327252326915,3,45.94802286344
channel_btc-020,later_2025,cost,-236.56838651492035,-2.365683865149204,236.56917749125932,321.7122436578793,3,57.253548176920006
channel_btc-020,later_2025,delay,-174.7820469487524,-1.7478204694875266,213.98681714784107,299.68083278457743,3,46.340353708752005
channel_btc-020,later_2025,combined,-189.80720552979074,-1.8980720552979058,224.1823157819108,309.32751327993174,3,57.74176302079
channel_btc-020,recent_2026,base,-39.973691498753396,-0.3997369149875363,163.26706851921517,168.19466569177712,5,79.042269314752
channel_btc-020,recent_2026,cost,-66.56686208497922,-0.6656686208497908,168.34189144364973,187.61071491681105,5,98.43435039098
channel_btc-020,recent_2026,delay,-28.24090072340914,-0.2824090072340968,128.4040439543678,147.36596569068934,5,79.653625096408
channel_btc-020,recent_2026,combined,-54.94595619017127,-0.5494595619017106,138.28038170856962,157.10054906797086,5,99.20383453317
channel_btc-030,development,base,15.64058603270314,0.15640586032703574,105.52591178438342,117.81398188089588,2,32.00102296329601
channel_btc-030,development,cost,4.785881070240066,0.04785881070239473,104.9050659650402,126.35477978183917,2,39.88346028576
channel_btc-030,development,delay,91.14180165081598,0.9114180165081587,105.85536188572769,147.37676335091237,2,32.71434632418401
channel_btc-030,development,combined,79.8339846368799,0.7983398463687896,105.22911237696098,146.58231334031916,2,40.77138372312
channel_btc-030,later_2025,base,-244.47586667997166,-2.444758666799718,248.4715683825798,299.83622926641874,3,45.784609785968
channel_btc-030,later_2025,cost,-259.0539279631521,-2.5905392796315208,259.0539279631521,310.0895829219007,3,57.05013142415001
channel_btc-030,later_2025,delay,-252.59140927761655,-2.5259140927761603,263.13897019517026,314.3657029625301,3,45.688879766616004
channel_btc-030,later_2025,combined,-267.11800405170106,-2.671180040517007,273.02021808711106,323.9192122677614,3,56.9310627677
channel_btc-030,recent_2026,base,-123.60665360395069,-1.236066536039504,177.40653661070428,193.5817354477913,4,62.35525988295201
channel_btc-030,recent_2026,cost,-144.26711525282917,-1.4426711525282965,192.41339718182826,213.75902036732805,4,77.67599122983
channel_btc-030,recent_2026,delay,-121.48082513262307,-1.214808251326227,140.426017944641,159.2434280176003,4,62.60896756662401
channel_btc-030,recent_2026,combined,-142.15910120058834,-1.421591012005885,157.0399586452295,175.72748961612888,4,77.99120505159
channel_btc-040,development,base,95.86584523929741,0.9586584523929798,106.37108843961505,118.75757597510346,1,16.774120924704
channel_btc-040,development,cost,89.96533090943922,0.8996533090943837,105.79824769536026,118.11726470016038,1,20.91073193856
channel_btc-040,development,delay,105.48053040384002,1.0548053040384087,106.00576957152043,118.3497171868803,1,16.85167088616
channel_btc-040,development,combined,99.52619358923948,0.9952619358923886,105.43472253071923,117.71141111532052,1,21.007304366760003
channel_btc-040,later_2025,base,-223.75134824316956,-2.2375134824316967,227.7470499457777,279.2207866360186,3,45.985374454168
channel_btc-040,later_2025,cost,-238.46149566853092,-2.3846149566853048,238.46149566853092,289.60503735733073,3,57.29994339153001
channel_btc-040,later_2025,delay,-229.0314830266725,-2.2903148302667264,239.5934055329617,290.94399211920245,3,45.917119293672
channel_btc-040,later_2025,combined,-243.7077914065303,-2.4370779140653,249.62420272207055,300.6456301581693,3,57.21503892353
channel_btc-040,recent_2026,base,-62.376559137470394,-0.6237655913747031,153.01196646297467,155.4551951399044,3,47.13386010947201
channel_btc-040,recent_2026,cost,-78.11902261451905,-0.7811902261451897,162.87745559852738,165.30677534027745,3,58.729481312519994
channel_btc-040,recent_2026,delay,-50.07660349438447,-0.5007660349438448,100.7426136965114,119.69604976563096,3,47.452399099384
channel_btc-040,recent_2026,combined,-65.90349473543938,-0.6590349473543977,105.49419461075922,124.32628501536055,3,59.12547765944001
channel_btc-050,development,base,95.86584523929741,0.9586584523929798,106.37108843961505,118.75757597510346,1,16.774120924704
channel_btc-050,development,cost,89.96533090943922,0.8996533090943837,105.79824769536026,118.11726470016038,1,20.91073193856
channel_btc-050,development,delay,105.48053040384002,1.0548053040384087,106.00576957152043,118.3497171868803,1,16.85167088616
channel_btc-050,development,combined,99.52619358923948,0.9952619358923886,105.43472253071923,117.71141111532052,1,21.007304366760003
channel_btc-050,later_2025,base,-22.44484203297725,-0.2244484203297703,91.1444139883206,97.72629879513624,1,15.820003361976001
channel_btc-050,later_2025,cost,-27.71018003432073,-0.27710180034320464,90.65371674050948,97.19974006974007,1,19.722083022320003
channel_btc-050,later_2025,delay,-34.19004217175825,-0.34190042171757806,91.19993314319981,97.78582719936094,1,15.725280056760003
channel_btc-050,later_2025,combined,-39.391143865279446,-0.3939114386527942,90.70897756734121,97.2589912311596,1,19.60408901328
channel_btc-050,recent_2026,base,50.507930169311294,0.5050793016931232,87.21583587587156,103.41233872640078,2,32.402580865688
channel_btc-050,recent_2026,cost,39.441375279058775,0.39441375279059,86.74607624165947,102.85628349644867,2,40.38316323294
channel_btc-050,recent_2026,delay,8.58723149641628,0.08587231496415271,101.25415599008011,120.27068637407865,2,32.07128528458401
channel_btc-050,recent_2026,combined,-2.2318742622010177,-0.02231874262200728,106.09517100541962,125.01001872752022,2,39.9814397362
channel_btc-060,development,base,6.50698666358403,0.06506986663583625,102.4167719963516,128.30686522790347,1,16.053490286416004
channel_btc-060,development,cost,1.0866594349517982,0.010866594349523417,101.86526677139955,127.61590550939945,1,20.01297357005
channel_btc-060,development,delay,-4.26322835135943,-0.04263228351359949,100.63523438812808,126.07496998905663,1,15.966627498360001
channel_btc-060,development,combined,-9.625756220801122,-0.09625756220801307,100.09344331007924,125.396180743679,1,19.9047691488
channel_btc-060,later_2025,base,-22.44484203297725,-0.2244484203297703,91.1444139883206,97.72629879513624,1,15.820003361976001
channel_btc-060,later_2025,cost,-27.71018003432073,-0.27710180034320464,90.65371674050948,97.19974006974007,1,19.722083022320003
channel_btc-060,later_2025,delay,-34.19004217175825,-0.34190042171757806,91.19993314319981,97.78582719936094,1,15.725280056760003
channel_btc-060,later_2025,combined,-39.391143865279446,-0.3939114386527942,90.70897756734121,97.2589912311596,1,19.60408901328
channel_btc-060,recent_2026,base,50.507930169311294,0.5050793016931232,87.21583587587156,103.41233872640078,2,32.402580865688
channel_btc-060,recent_2026,cost,39.441375279058775,0.39441375279059,86.74607624165947,102.85628349644867,2,40.38316323294
channel_btc-060,recent_2026,delay,8.58723149641628,0.08587231496415271,101.25415599008011,120.27068637407865,2,32.07128528458401
channel_btc-060,recent_2026,combined,-2.2318742622010177,-0.02231874262200728,106.09517100541962,125.01001872752022,2,39.9814397362
channel_btc-070,development,base,6.50698666358403,0.06506986663583625,102.4167719963516,128.30686522790347,1,16.053490286416004
channel_btc-070,development,cost,1.0866594349517982,0.010866594349523417,101.86526677139955,127.61590550939945,1,20.01297357005
channel_btc-070,development,delay,-4.26322835135943,-0.04263228351359949,100.63523438812808,126.07496998905663,1,15.966627498360001
channel_btc-070,development,combined,-9.625756220801122,-0.09625756220801307,100.09344331007924,125.396180743679,1,19.9047691488
channel_btc-070,later_2025,base,-22.44484203297725,-0.2244484203297703,91.1444139883206,97.72629879513624,1,15.820003361976001
channel_btc-070,later_2025,cost,-27.71018003432073,-0.27710180034320464,90.65371674050948,97.19974006974007,1,19.722083022320003
channel_btc-070,later_2025,delay,-34.19004217175825,-0.34190042171757806,91.19993314319981,97.78582719936094,1,15.725280056760003
channel_btc-070,later_2025,combined,-39.391143865279446,-0.3939114386527942,90.70897756734121,97.2589912311596,1,19.60408901328
channel_btc-070,recent_2026,base,9.326569589886276,0.0932656958988698,112.42194386543997,128.80445808848162,2,32.00492890811201
channel_btc-070,recent_2026,cost,-1.4963728942493617,-0.014963728942496424,111.81717411974932,133.4616700202696,2,39.888176471250006
channel_btc-070,recent_2026,delay,-39.46824688592096,-0.39468246885920877,149.2754750587519,168.2491115214725,2,31.647649002920005
channel_btc-070,recent_2026,combined,-50.00369584031978,-0.5000369584031938,153.82509120577924,172.68731875477897,2,39.44325151232
channel_btc-080,development,base,6.50698666358403,0.06506986663583625,102.4167719963516,128.30686522790347,1,16.053490286416004
channel_btc-080,development,cost,1.0866594349517982,0.010866594349523417,101.86526677139955,127.61590550939945,1,20.01297357005
channel_btc-080,development,delay,-4.26322835135943,-0.04263228351359949,100.63523438812808,126.07496998905663,1,15.966627498360001
channel_btc-080,development,combined,-9.625756220801122,-0.09625756220801307,100.09344331007924,125.396180743679,1,19.9047691488
channel_btc-080,later_2025,base,-22.44484203297725,-0.2244484203297703,91.1444139883206,97.72629879513624,1,15.820003361976001
channel_btc-080,later_2025,cost,-27.71018003432073,-0.27710180034320464,90.65371674050948,97.19974006974007,1,19.722083022320003
channel_btc-080,later_2025,delay,-34.19004217175825,-0.34190042171757806,91.19993314319981,97.78582719936094,1,15.725280056760003
channel_btc-080,later_2025,combined,-39.391143865279446,-0.3939114386527942,90.70897756734121,97.2589912311596,1,19.60408901328
channel_btc-080,recent_2026,base,-16.954468167199593,-0.16954468167199588,37.51305788960053,51.11514035039909,1,15.864291492200003
channel_btc-080,recent_2026,cost,-22.249781858119604,-0.222497818581191,37.31165134627918,56.22649906837978,1,19.777252744120002
channel_btc-080,recent_2026,delay,-1.0777791923192126,-0.01077779192318884,38.118901884927254,51.40806034022353,1,15.992324600320003
channel_btc-080,recent_2026,combined,-6.456969559791105,-0.06456969559791581,37.91351248244973,51.13147520249913,1,19.93676495479
channel_btc-090,development,base,6.50698666358403,0.06506986663583625,102.4167719963516,128.30686522790347,1,16.053490286416004
channel_btc-090,development,cost,1.0866594349517982,0.010866594349523417,101.86526677139955,127.61590550939945,1,20.01297357005
channel_btc-090,development,delay,-4.26322835135943,-0.04263228351359949,100.63523438812808,126.07496998905663,1,15.966627498360001
channel_btc-090,development,combined,-9.625756220801122,-0.09625756220801307,100.09344331007924,125.396180743679,1,19.9047691488
channel_btc-090,later_2025,base,-64.19038154724876,-0.6419038154724888,110.53849882732902,122.34035484809647,1,15.483345785248002
channel_btc-090,later_2025,cost,-69.23081369036117,-0.6923081369036077,109.94353195517942,121.68171735488977,1,19.302682682360004
channel_btc-090,later_2025,delay,-68.31473956919945,-0.6831473956919965,110.6058315772807,122.41487650896124,1,15.450080884200002
channel_btc-090,later_2025,combined,-73.33250269291966,-0.7333250269291991,110.01055149611966,121.75589227626006,1,19.26124700492
channel_btc-090,recent_2026,base,0.0,0.0,0.0,0.0,0,0.0
channel_btc-090,recent_2026,cost,0.0,0.0,0.0,0.0,0,0.0
channel_btc-090,recent_2026,delay,0.0,0.0,0.0,0.0,0,0.0
channel_btc-090,recent_2026,combined,0.0,0.0,0.0,0.0,0,0.0
channel_eth-010,development,base,28.593332128415568,0.2859333212841486,251.40290185395497,276.1767139839558,5,79.50516407578561
channel_eth-010,development,cost,1.3315746839798521,0.013315746839803744,271.1818273042845,295.7916500419269,5,99.05112165191902
channel_eth-010,development,delay,-5.161386714931723,-0.05161386714931382,308.3056936733901,336.96900401155654,5,78.9424390231312
channel_eth-010,development,combined,-32.14345436038457,-0.32143454360384904,327.68859422745845,356.1543910547716,5,98.352037414986
channel_eth-010,later_2025,base,92.33107548103726,0.9233107548103803,396.52991605552415,418.6397318306954,6,96.75074798376322
channel_eth-010,later_2025,cost,59.5175573680317,0.5951755736803177,415.93665942089865,437.92720949566683,6,120.61318486186701
channel_eth-010,later_2025,delay,151.24995845929152,1.512499584592919,368.3615690017741,396.33297620790836,6,97.22590033330721
channel_eth-010,later_2025,combined,118.12012637683438,1.18120126376835,393.31147383495954,421.1290286953281,6,121.20513151876601
channel_eth-010,recent_2026,base,-273.6046229243457,-2.7360462292434606,368.70359044713405,388.4911571041739,8,123.599663684844
channel_eth-010,recent_2026,cost,-314.12233310753254,-3.141223331075327,397.9279091538865,417.5469878937638,8,153.809545706932
channel_eth-010,recent_2026,delay,-159.22249859940712,-1.592224985994073,213.89361018741693,233.39883958758037,8,125.77883968210801
channel_eth-010,recent_2026,combined,-200.78757518302336,-2.007875751830235,238.94847864584517,262.5169757659678,8,156.513536272622
channel_eth-015,development,base,100.14904028626188,1.0014904028626148,207.04505588622123,231.6480526563464,4,64.3428994138424
channel_eth-015,development,cost,77.87881073572316,0.7787881073572311,211.2177528301745,238.57503844288658,4,80.17958191817901
channel_eth-015,development,delay,140.25871159408598,1.4025871159408565,202.06329028648724,231.04081363129262,4,64.6369991523136
channel_eth-015,development,combined,117.78664674578795,1.1778664674578776,216.91139440780535,245.70321060140668,4,80.54620684241401
channel_eth-015,later_2025,base,45.480435531662806,0.4548043553166181,425.25055306604736,452.23878055705063,5,80.37189650923762
channel_eth-015,later_2025,cost,18.30132746036361,0.18301327460363837,444.50617124952805,471.34601568576727,5,100.19485958073503
channel_eth-015,later_2025,delay,-7.024057696233285,-0.07024057696233266,526.6355851572989,540.2324806690394,5,79.94847294083199
channel_eth-015,later_2025,combined,-33.91840168201816,-0.33918401682018207,545.3500018938121,558.8734138957789,5,99.66738955831701
channel_eth-015,recent_2026,base,-188.54381625058159,-1.8854381625058148,289.0537887071496,309.0043705471162,6,93.25676787348083
channel_eth-015,recent_2026,cost,-219.30240926440638,-2.193024092644069,308.48585735380584,328.2870898519286,6,116.109602228705
channel_eth-015,recent_2026,delay,-160.79282125493592,-1.6079282125493588,192.04363948546234,215.82311394474527,6,94.18296763883761
channel_eth-015,recent_2026,combined,-191.77103727937356,-1.917710372793735,217.46659186597572,241.0567753746709,6,117.25988033657401
channel_eth-020,development,base,-64.86946305839047,-0.6486946305839014,195.0865704567459,219.68956722687108,2,31.4789070352904
channel_eth-020,development,cost,-75.28949180131713,-0.7528949180131694,199.4197358452111,223.88971365052748,2,39.243499844617006
channel_eth-020,development,delay,-100.86561968925707,-1.0086561968925656,125.66073833717564,151.35488104131582,2,31.12607456475761
channel_eth-020,development,combined,-111.04073189220799,-1.1104073189220798,130.31253227788147,155.85448026278573,2,38.793844494107
channel_eth-020,later_2025,base,-163.76340233848532,-1.6376340233848485,454.9398912177312,480.27610790947256,4,62.6187023653848
channel_eth-020,later_2025,cost,-184.2058482275679,-1.842058482275677,468.42753970850754,493.58406643295893,4,78.03453756847101
channel_eth-020,later_2025,delay,-96.24039535970405,-0.9624039535970352,384.672119160934,404.61561313926904,4,63.2279627318024
channel_eth-020,later_2025,combined,-117.26809393132135,-1.1726809393132087,398.76171168022483,413.2121145799938,4,78.823473507322
channel_eth-020,recent_2026,base,-51.45395412538346,-0.5145395412538334,192.02769927910413,203.49695518347653,5,78.967065431184
channel_eth-020,recent_2026,cost,-77.96466658295321,-0.7796466658295365,200.45650988679517,211.86179889105733,5,98.34071256794999
channel_eth-020,recent_2026,delay,-118.39620619402376,-1.1839620619402358,227.79623529261335,241.56949638141305,5,78.672167057124
channel_eth-020,recent_2026,combined,-144.40167736038347,-1.44401677360384,242.35649960353658,256.02465150699754,5,97.97401160298199
channel_eth-030,development,base,-146.1459526769504,-1.461459526769504,270.95054275354596,298.9998046511646,2,30.8234514738504
channel_eth-030,development,cost,-156.1283790680809,-1.561283790680812,274.87501604177123,302.77156790095796,2,38.42694542778101
channel_eth-030,development,delay,-209.81367746519572,-2.0981367746519597,230.4129263004943,272.2048274818535,2,30.247461195596806
channel_eth-030,development,combined,-219.34419604878713,-2.193441960487874,234.44565672449608,275.9904997945014,2,37.699870108686994
channel_eth-030,later_2025,base,156.02190678625993,1.5602190678625893,185.59738557366472,187.8244967278406,2,33.260288697740805
channel_eth-030,later_2025,cost,144.40905278489663,1.4440905278489735,189.98591772441614,192.2025831787705,2,41.462676834504
channel_eth-030,later_2025,delay,239.6643863549325,2.3966438635493192,161.10965573597423,175.47271461041964,2,33.934825011067204
channel_eth-030,later_2025,combined,227.60353796531854,2.2760353796531962,160.2444147014703,174.52681586227845,2,42.303025140082
channel_eth-030,recent_2026,base,38.815035371917475,0.3881503537191744,276.0314590523285,295.9330381234158,3,47.6943676213816
channel_eth-030,recent_2026,cost,22.43962306134381,0.22439623061343283,290.41294175056464,310.18707648645795,3,59.42756110065601
channel_eth-030,recent_2026,delay,136.7550830047112,1.367550830047115,189.12767005377464,209.7268556656636,3,48.59423779118801
channel_eth-030,recent_2026,combined,119.74308536783064,1.1974308536783163,204.06485809328115,224.53143763499793,3,60.547180267469
channel_eth-040,development,base,-146.1459526769504,-1.461459526769504,270.95054275354596,298.9998046511646,2,30.8234514738504
channel_eth-040,development,cost,-156.1283790680809,-1.561283790680812,274.87501604177123,302.77156790095796,2,38.42694542778101
channel_eth-040,development,delay,-209.81367746519572,-2.0981367746519597,230.4129263004943,272.2048274818535,2,30.247461195596806
channel_eth-040,development,combined,-219.34419604878713,-2.193441960487874,234.44565672449608,275.9904997945014,2,37.699870108686994
channel_eth-040,later_2025,base,384.86213173848955,3.8486213173849038,224.82689909064356,275.9739626321589,1,19.1047507963104
channel_eth-040,later_2025,cost,377.4023807328267,3.774023807328275,223.61386962588222,274.48801947874017,1,23.814145434273
channel_eth-040,later_2025,delay,388.55274170949633,3.8855274170949583,226.00085910983398,277.41499304168065,1,19.134513710104002
channel_eth-040,later_2025,combined,381.07360754848924,3.8107360754848996,224.78143429902593,275.9212155290588,1,23.85122809571
channel_eth-040,recent_2026,base,32.58361095629698,0.3258361095629603,282.06745283255987,301.9566786511514,3,47.67576135850081
channel_eth-040,recent_2026,cost,16.253319483867017,0.16253319483867656,296.4061358575527,316.1680649313621,3,59.404440679033
channel_eth-040,recent_2026,delay,163.1309585142062,1.63130958514206,163.5997433491666,228.25916693401268,3,49.0036863386952
channel_eth-040,recent_2026,combined,145.9465778198337,1.4594657781983322,178.69981372432085,237.68099937808802,3,61.05645012286699
channel_eth-050,development,base,-146.1459526769504,-1.461459526769504,270.95054275354596,298.9998046511646,2,30.8234514738504
channel_eth-050,development,cost,-156.1283790680809,-1.561283790680812,274.87501604177123,302.77156790095796,2,38.42694542778101
channel_eth-050,development,delay,-209.81367746519572,-2.0981367746519597,230.4129263004943,272.2048274818535,2,30.247461195596806
channel_eth-050,development,combined,-219.34419604878713,-2.193441960487874,234.44565672449608,275.9904997945014,2,37.699870108686994
channel_eth-050,later_2025,base,384.86213173848955,3.8486213173849038,224.82689909064356,275.9739626321589,1,19.1047507963104
channel_eth-050,later_2025,cost,377.4023807328267,3.774023807328275,223.61386962588222,274.48801947874017,1,23.814145434273
channel_eth-050,later_2025,delay,388.55274170949633,3.8855274170949583,226.00085910983398,277.41499304168065,1,19.134513710104002
channel_eth-050,later_2025,combined,381.07360754848924,3.8107360754848996,224.78143429902593,275.9212155290588,1,23.85122809571
channel_eth-050,recent_2026,base,-45.02033924111129,-0.4502033924111082,88.12693338848658,105.35243770078523,2,31.497968483112004
channel_eth-050,recent_2026,cost,-55.51720213357112,-0.5551720213357147,93.03717483936816,115.49908920251073,2,39.257127026772004
channel_eth-050,recent_2026,delay,-109.62329340631004,-1.0962329340631016,171.48391772886134,199.99315631956415,2,30.998358590712
channel_eth-050,recent_2026,combined,-119.74277705091117,-1.1974277705091074,175.87346290477944,198.91649149020122,2,38.63496205191
channel_eth-060,development,base,-37.08800050369973,-0.3708800050369998,218.05128650036022,251.1991757267515,1,15.7019272654992
channel_eth-060,development,cost,-42.27427871130203,-0.4227427871130174,216.87876545722247,249.8462080630561,1,19.574987003902002
channel_eth-060,development,delay,-152.51745984871377,-1.5251745984871334,224.06674559983003,266.9786501509516,1,14.771044258015202
channel_eth-060,development,combined,-157.0822815945885,-1.5708228159458826,222.8607806847849,265.5411657809127,1,18.415310482587998
channel_eth-060,later_2025,base,384.86213173848955,3.8486213173849038,224.82689909064356,275.9739626321589,1,19.1047507963104
channel_eth-060,later_2025,cost,377.4023807328267,3.774023807328275,223.61386962588222,274.48801947874017,1,23.814145434273
channel_eth-060,later_2025,delay,388.55274170949633,3.8855274170949583,226.00085910983398,277.41499304168065,1,19.134513710104002
channel_eth-060,later_2025,combined,381.07360754848924,3.8107360754848996,224.78143429902593,275.9212155290588,1,23.85122809571
channel_eth-060,recent_2026,base,-45.02033924111129,-0.4502033924111082,88.12693338848658,105.35243770078523,2,31.497968483112004
channel_eth-060,recent_2026,cost,-55.51720213357112,-0.5551720213357147,93.03717483936816,115.49908920251073,2,39.257127026772004
channel_eth-060,recent_2026,delay,-109.62329340631004,-1.0962329340631016,171.48391772886134,199.99315631956415,2,30.998358590712
channel_eth-060,recent_2026,combined,-119.74277705091117,-1.1974277705091074,175.87346290477944,198.91649149020122,2,38.63496205191
channel_eth-070,development,base,-101.98432207128462,-1.019843220712846,203.3555228191981,234.2693800688976,1,15.178569777483201
channel_eth-070,development,cost,-106.82159138474344,-1.0682159138474367,202.26190514032896,233.00745892934538,1,18.922993817544
channel_eth-070,development,delay,-122.09356491471954,-1.2209356491471923,232.11054870673615,276.5629536575361,1,15.016398207720002
channel_eth-070,development,combined,-126.82321229507215,-1.2682321229507187,230.86103937969528,275.07356539769717,1,18.720957646972998
channel_eth-070,later_2025,base,287.6434643358025,2.876434643358028,318.3271104496689,334.0956257475191,1,18.3207292849984
channel_eth-070,later_2025,cost,280.70905414172375,2.8070905414172342,316.61279543381534,332.297446787461,1,22.837445165676
channel_eth-070,later_2025,delay,348.7668011587757,3.4876680115877523,319.98929278729884,335.84014523695987,1,18.813659350824
channel_eth-070,later_2025,combined,341.504168544956,3.415041685449549,318.265939380708,334.0324856761199,1,23.451536792644
channel_eth-070,recent_2026,base,-66.29321232923212,-0.6629321232923258,109.30769149272965,199.08531809973283,2,31.292521610832
channel_eth-070,recent_2026,cost,-76.66590859351709,-0.766659085935173,114.10608874607897,203.40013560786792,2,39.001361859317996
channel_eth-070,recent_2026,delay,-109.83985707584725,-1.0983985707584742,171.699826702501,199.99315631956415,2,30.996264265646403
channel_eth-070,recent_2026,combined,-119.95821207703193,-1.199582120770315,176.0882494663456,198.91649149020122,2,38.63235300503
channel_eth-080,development,base,-185.19785260684148,-1.8519785260684096,185.2475412904514,213.29680318807004,1,14.507492753241602
channel_eth-080,development,cost,-189.58695793718107,-1.8958695793718117,189.6364136451757,217.53296550436244,1,18.086980064481004
channel_eth-080,development,delay,-171.39818648831715,-1.713981864883174,171.39818648831715,213.35407361487705,1,14.618780289316803
channel_eth-080,development,combined,-175.86091974758347,-1.7586091974758356,175.86091974758347,217.59046402175954,1,18.225626768384
channel_eth-080,later_2025,base,341.7606363272189,3.4176063632721965,318.3271104496689,334.0956257475191,1,18.757158091380802
channel_eth-080,later_2025,cost,334.5360763051449,3.3453607630514526,316.61279543381534,332.297446787461,1,23.381152460256004
channel_eth-080,later_2025,delay,343.5043582657636,3.4350435826576264,319.98929278729884,335.84014523695987,1,18.771220295235203
channel_eth-080,later_2025,combined,336.26972841775387,3.3626972841775293,318.265939380708,334.0324856761199,1,23.398663660045997
channel_eth-080,recent_2026,base,43.48985727486797,0.4348985727486765,52.739742625950385,67.75386342163074,1,16.351748667931204
channel_eth-080,recent_2026,cost,37.87232650263286,0.37872326502632614,52.45874085929427,67.38982365723314,1,20.384548823667
channel_eth-080,recent_2026,delay,-35.12154391520744,-0.351215439152075,65.23794313871986,79.12097355600054,1,15.717785477606402
channel_eth-080,recent_2026,combined,-40.31481008947958,-0.40314810089480124,70.27444089231722,84.08070443105498,1,19.59477954748
channel_eth-090,development,base,-117.90162904101089,-1.1790162904101065,209.68727524300084,249.70441150716215,1,15.0502042336112
channel_eth-090,development,cost,-122.65218971787363,-1.226521897178734,213.94389412422606,253.74514140768406,1,18.763088834373
channel_eth-090,development,delay,-75.16570782047165,-0.751657078204715,171.39818648831715,213.35407361487705,1,15.394848665670402
channel_eth-090,development,combined,-80.14630071167994,-0.8014630071167983,175.86091974758347,217.59046402175954,1,19.192441102080004
channel_eth-090,later_2025,base,544.0308138688633,5.440308138688632,366.3148673920132,384.46048364863964,1,20.388369287536
channel_eth-090,later_2025,cost,535.7164483744655,5.357164483744659,364.3419499430038,382.39105137156,1,25.413277338134
channel_eth-090,later_2025,delay,525.6295514540943,5.256295514540943,363.36698149527365,381.3665725396786,1,20.2399719282072
channel_eth-090,later_2025,combined,517.4107353104428,5.174107353104418,361.40918719375804,379.3130027656207,1,25.228370946158
channel_eth-090,recent_2026,base,43.48985727486797,0.4348985727486765,52.739742625950385,67.75386342163074,1,16.351748667931204
channel_eth-090,recent_2026,cost,37.87232650263286,0.37872326502632614,52.45874085929427,67.38982365723314,1,20.384548823667
channel_eth-090,recent_2026,delay,-35.12154391520744,-0.351215439152075,65.23794313871986,79.12097355600054,1,15.717785477606402
channel_eth-090,recent_2026,combined,-40.31481008947958,-0.40314810089480124,70.27444089231722,84.08070443105498,1,19.59477954748
pullback_btc-010,development,base,0.8369138978268893,0.008369138978259194,102.12801438953647,127.54546464003215,6,96.007730349176
pullback_btc-010,development,cost,-31.468264060842557,-0.3146826406084213,112.2184605584207,137.44591775842127,6,119.60383593884
pullback_btc-010,development,delay,-33.06710695704169,-0.3306710695704207,152.61886404080178,163.6190251858261,6,95.50055853404002
pullback_btc-010,development,combined,-65.10451007950178,-0.6510451007950224,167.68584185908003,178.60288745128128,6,118.91763638750002
pullback_btc-010,later_2025,base,16.95346752457408,0.16953467524574162,26.80876134468963,41.90603636553715,3,48.139768908424
pullback_btc-010,later_2025,cost,0.705553783051073,0.007055537830513714,32.0498933218787,47.06535587501094,3,60.01309757395
pullback_btc-010,later_2025,delay,-26.89239130689566,-0.26892391306895247,53.894298893872474,61.22834881796916,3,47.777354699896
pullback_btc-010,later_2025,combined,-42.873453624390095,-0.4287345362439021,64.34431695215062,71.63087872310098,3,59.54039673339001
pullback_btc-010,recent_2026,base,-90.55392007622504,-0.9055392007622509,104.3404104195215,117.72711898041598,4,63.11490269122402
pullback_btc-010,recent_2026,cost,-111.46551757970883,-1.1146551757970857,119.79043141838883,133.0840500146678,4,78.63076224871
pullback_btc-010,recent_2026,delay,-106.83464975375864,-1.0683464975375867,107.16798729577567,115.43502394537427,4,62.903852583760006
pullback_btc-010,recent_2026,combined,-127.61369027470028,-1.2761369027470049,127.94494483900053,136.15504302430054,4,78.3578439827
pullback_btc-015,development,base,82.55959247708961,0.8255959247708944,94.4219020612818,105.50835980995362,5,80.66576208691201
pullback_btc-015,development,cost,55.15799108129795,0.5515799108129826,99.28116354172016,110.30321348392135,5,100.54269462870002
pullback_btc-015,development,delay,13.286210632320945,0.13286210632321716,123.85762655811232,134.7906083243215,5,79.97928571968
pullback_btc-015,development,combined,-13.775612950288632,-0.13775612950288618,133.84300885670018,144.6990002529492,5,99.61928781329001
pullback_btc-015,later_2025,base,-24.572641950240723,-0.24572641950241225,59.13823596532893,71.27665609540963,2,31.80386293824
pullback_btc-015,later_2025,cost,-35.211425275338115,-0.35211425275337715,64.20537048006918,76.27831051977955,2,39.64832469134001
pullback_btc-015,later_2025,delay,-9.020415315551872,-0.09020415315551533,58.35196280479977,70.68451150191868,2,31.929280589552
pullback_btc-015,later_2025,combined,-19.74324439448901,-0.19743244394488935,58.037471763480426,70.30349548991944,2,39.80456582749
pullback_btc-015,recent_2026,base,-67.78805708191976,-0.6778805708192004,67.78805708191976,80.59397339526367,1,15.45433474592
pullback_btc-015,recent_2026,cost,-72.8081558289905,-0.7280815582899058,72.8081558289905,85.54517389979992,1,19.266555675990002
pullback_btc-015,recent_2026,delay,-56.952914471550685,-0.5695291447155082,62.16957296499095,75.05267369535977,1,15.541717855552001
pullback_btc-015,recent_2026,combined,-62.031851491679845,-0.6203185149167956,67.2202314176393,80.03401544375993,1,19.375412323680003
pullback_btc-020,development,base,38.4384210175067,0.3843842101750594,68.06362944316788,83.61947192060688,5,80.276142492496
pullback_btc-020,development,cost,11.234450217789345,0.11234450217789682,78.44085532058853,94.16290106766974,5,100.02230801921002
pullback_btc-020,development,delay,53.0420691892632,0.5304206918926413,50.6655639829296,88.65496104028716,5,80.40251472373602
pullback_btc-020,development,combined,25.751126220391598,0.2575112622039244,61.12619535099839,98.9002331171614,5,100.16090142861003
pullback_btc-020,later_2025,base,4.253899456925865,0.04253899456925225,39.19107262084981,45.96065893780906,3,48.037358344072004
pullback_btc-020,later_2025,cost,-11.922050628229044,-0.11922050628229153,44.36543998540037,53.967895650070204,3,59.87531104923001
pullback_btc-020,later_2025,delay,-11.287503989598918,-0.11287503989598768,50.79254945292632,58.13063722175866,3,47.91201117160001
pullback_btc-020,later_2025,combined,-27.381960409058593,-0.27381960409058603,55.902720367090296,63.20061990514114,3,59.72795259106
pullback_btc-020,recent_2026,base,-62.16957296499095,-0.621695729649907,62.16957296499095,75.05267369535977,1,15.499648028992002
pullback_btc-020,recent_2026,cost,-67.2202314176393,-0.6722023141763955,67.2202314176393,80.03401544375993,1,19.323004445640002
pullback_btc-020,recent_2026,delay,-54.61799269360017,-0.5461799269359968,59.847566312799245,72.7625623390395,1,15.560545033600002
pullback_btc-020,recent_2026,combined,-59.7087042191597,-0.5970870421916019,64.90993550143867,77.75545862659965,1,19.398881503160002
pullback_btc-030,development,base,149.69699598857915,1.4969699598857966,27.741837831326848,75.59335096838367,4,65.21129503842401
pullback_btc-030,development,cost,127.34873929199784,1.2734873929199697,32.97824901942113,80.57106425433994,4,81.294286924
pullback_btc-030,development,delay,107.5743351428282,1.0757433514282821,70.6100187806569,127.07401613825641,4,64.826337178168
pullback_btc-030,development,combined,85.42589369354937,0.8542589369354925,75.58817358248052,131.71872127427014,4,80.80378493745
pullback_btc-030,later_2025,base,-21.954199608559065,-0.21954199608559266,32.053548103440335,41.72269423527905,3,47.800507735560004
pullback_btc-030,later_2025,cost,-37.96095083415821,-0.3796095083415829,37.97833995464862,50.5644538510478,3,59.55853911616001
pullback_btc-030,later_2025,delay,-50.187455810271786,-0.5018745581027217,71.7004893209596,72.93175291087937,3,47.53887765227201
pullback_btc-030,later_2025,combined,-66.0122019583905,-0.6601220195839086,82.02365993399144,83.24695105799037,3,59.233003633390005
pullback_btc-030,recent_2026,base,-68.59878267673594,-0.6859878267673647,68.59878267673594,81.39356412339112,1,15.447799180736002
pullback_btc-030,recent_2026,cost,-73.61396696942938,-0.7361396696942912,73.61396696942938,86.33992021613994,1,19.258423112430002
pullback_btc-030,recent_2026,delay,-64.29080598200017,-0.6429080598200021,69.46687350200045,82.24973044599938,1,15.482541607000002
pullback_btc-030,recent_2026,combined,-69.32994175800013,-0.6932994175800067,74.47795131149906,87.19203230099993,1,19.301690958000002
pullback_btc-040,development,base,69.80685154915227,0.6980685154915234,33.0774269914873,77.78047041148966,3,48.56246687384801
pullback_btc-040,development,cost,53.2576429610308,0.5325764296103097,38.28284122397963,88.08865233061078,3,60.52876312397001
pullback_btc-040,development,delay,109.56020049660765,1.0956020049660786,32.112948710686396,88.65496104028716,3,48.863389813392004
pullback_btc-040,development,combined,92.77889739933926,0.9277889739933931,42.69252822008093,98.9002331171614,3,60.90347416266001
pullback_btc-040,later_2025,base,-50.743468937038415,-0.5074346893703896,57.43343548319899,69.5718556132797,2,31.532798277040005
pullback_btc-040,later_2025,cost,-61.21208189822937,-0.612120818982298,61.22947101871978,73.78621656512041,2,39.30030278723001
pullback_btc-040,later_2025,delay,-47.94194766489636,-0.4794194766489679,69.45498137894356,70.68652255526285,2,31.572181520896002
pullback_btc-040,later_2025,combined,-58.426808653439366,-0.5842680865343897,74.43826731412082,75.66249288724066,2,39.34930800544
pullback_btc-040,recent_2026,base,-58.79090803251165,-0.5879090803251219,58.79090803251165,71.72042736332696,1,15.526901624512002
pullback_btc-040,recent_2026,cost,-63.858446349850055,-0.6385844634985038,63.858446349850055,76.71841355619836,1,19.356964274850004
pullback_btc-040,recent_2026,delay,-57.37298345056115,-0.5737298345056097,62.58731875936064,75.46468213472144,1,15.538331690560002
pullback_btc-040,recent_2026,combined,-62.44936955760022,-0.6244936955760005,67.63544075999926,80.44352291279938,1,19.3711977976
pullback_btc-050,development,base,28.58592809293077,0.28585928092930146,19.051014701182794,75.59335096838367,2,32.232563692072006
pullback_btc-050,development,cost,17.66158623557203,0.17661586235571125,24.33309951820047,80.57106425433994,2,40.18237134143
pullback_btc-050,development,delay,77.84803793367973,0.7784803793367878,17.631301226079813,74.25548572688058,2,32.62983741632
pullback_btc-050,development,combined,66.65892238523156,0.6665892238523208,22.922022603690493,79.24134430925915,2,40.677314419770006
pullback_btc-050,later_2025,base,-43.54309758959789,-0.43543097589597846,43.54309758959789,57.84783168732611,3,47.5572349736
pullback_btc-050,later_2025,cost,-59.410746299339735,-0.5941074629933984,59.410746299339735,71.96975839134029,3,59.25587413734
pullback_btc-050,later_2025,delay,-74.76138665032158,-0.7476138665032162,74.76228644689763,75.99050877313675,3,47.26179000332
pullback_btc-050,later_2025,combined,-90.42795529153045,-0.9042795529152992,90.42884992879044,91.64913515143053,3,58.88832485053001
pullback_btc-050,recent_2026,base,-18.415671710110473,-0.1841567171011027,18.415671710110473,31.89982534761475,1,15.852501410112001
pullback_btc-050,recent_2026,cost,-23.701984797760815,-0.23701984797760423,23.701984797760815,37.11358831120015,1,19.762583325760005
pullback_btc-050,recent_2026,delay,-10.994801195583932,-0.10994801195584047,11.33136791484867,19.67849073324942,1,15.912347641584002
pullback_btc-050,recent_2026,combined,-16.31995305918099,-0.16319953059180659,16.654941931199573,24.957594412620892,1,19.83714074118
pullback_btc-060,development,base,0.0,0.0,0.0,0.0,0,0.0
pullback_btc-060,development,cost,0.0,0.0,0.0,0.0,0,0.0
pullback_btc-060,development,delay,0.0,0.0,0.0,0.0,0,0.0
pullback_btc-060,development,combined,0.0,0.0,0.0,0.0,0,0.0
pullback_btc-060,later_2025,base,0.0,0.0,0.0,0.0,0,0.0
pullback_btc-060,later_2025,cost,0.0,0.0,0.0,0.0,0,0.0
pullback_btc-060,later_2025,delay,0.0,0.0,0.0,0.0,0,0.0
pullback_btc-060,later_2025,combined,0.0,0.0,0.0,0.0,0,0.0
pullback_btc-060,recent_2026,base,0.0,0.0,0.0,0.0,0,0.0
pullback_btc-060,recent_2026,cost,0.0,0.0,0.0,0.0,0,0.0
pullback_btc-060,recent_2026,delay,0.0,0.0,0.0,0.0,0,0.0
pullback_btc-060,recent_2026,combined,0.0,0.0,0.0,0.0,0,0.0
pullback_btc-070,development,base,0.0,0.0,0.0,0.0,0,0.0
pullback_btc-070,development,cost,0.0,0.0,0.0,0.0,0,0.0
pullback_btc-070,development,delay,0.0,0.0,0.0,0.0,0,0.0
pullback_btc-070,development,combined,0.0,0.0,0.0,0.0,0,0.0
pullback_btc-070,later_2025,base,0.0,0.0,0.0,0.0,0,0.0
pullback_btc-070,later_2025,cost,0.0,0.0,0.0,0.0,0,0.0
pullback_btc-070,later_2025,delay,0.0,0.0,0.0,0.0,0,0.0
pullback_btc-070,later_2025,combined,0.0,0.0,0.0,0.0,0,0.0
pullback_btc-070,recent_2026,base,0.0,0.0,0.0,0.0,0,0.0
pullback_btc-070,recent_2026,cost,0.0,0.0,0.0,0.0,0,0.0
pullback_btc-070,recent_2026,delay,0.0,0.0,0.0,0.0,0,0.0
pullback_btc-070,recent_2026,combined,0.0,0.0,0.0,0.0,0,0.0
pullback_btc-080,development,base,0.0,0.0,0.0,0.0,0,0.0
pullback_btc-080,development,cost,0.0,0.0,0.0,0.0,0,0.0
pullback_btc-080,development,delay,0.0,0.0,0.0,0.0,0,0.0
pullback_btc-080,development,combined,0.0,0.0,0.0,0.0,0,0.0
pullback_btc-080,later_2025,base,0.0,0.0,0.0,0.0,0,0.0
pullback_btc-080,later_2025,cost,0.0,0.0,0.0,0.0,0,0.0
pullback_btc-080,later_2025,delay,0.0,0.0,0.0,0.0,0,0.0
pullback_btc-080,later_2025,combined,0.0,0.0,0.0,0.0,0,0.0
pullback_btc-080,recent_2026,base,0.0,0.0,0.0,0.0,0,0.0
pullback_btc-080,recent_2026,cost,0.0,0.0,0.0,0.0,0,0.0
pullback_btc-080,recent_2026,delay,0.0,0.0,0.0,0.0,0,0.0
pullback_btc-080,recent_2026,combined,0.0,0.0,0.0,0.0,0,0.0
pullback_btc-090,development,base,0.0,0.0,0.0,0.0,0,0.0
pullback_btc-090,development,cost,0.0,0.0,0.0,0.0,0,0.0
pullback_btc-090,development,delay,0.0,0.0,0.0,0.0,0,0.0
pullback_btc-090,development,combined,0.0,0.0,0.0,0.0,0,0.0
pullback_btc-090,later_2025,base,0.0,0.0,0.0,0.0,0,0.0
pullback_btc-090,later_2025,cost,0.0,0.0,0.0,0.0,0,0.0
pullback_btc-090,later_2025,delay,0.0,0.0,0.0,0.0,0,0.0
pullback_btc-090,later_2025,combined,0.0,0.0,0.0,0.0,0,0.0
pullback_btc-090,recent_2026,base,0.0,0.0,0.0,0.0,0,0.0
pullback_btc-090,recent_2026,cost,0.0,0.0,0.0,0.0,0,0.0
pullback_btc-090,recent_2026,delay,0.0,0.0,0.0,0.0,0,0.0
pullback_btc-090,recent_2026,combined,0.0,0.0,0.0,0.0,0,0.0
pullback_eth-010,development,base,138.452574485058,1.3845257448505732,46.025056884102014,110.70996821032168,3,49.0951996105408
pullback_eth-010,development,cost,121.50118729710266,1.2150118729710169,51.164325607307546,112.57036219009024,3,61.19214360329601
pullback_eth-010,development,delay,185.76701363204484,1.857670136320455,55.58703848294499,120.67658662809663,3,49.5011926946552
pullback_eth-010,development,combined,168.60627027500414,1.6860627027500463,60.672920842507665,125.4122272511413,3,61.709093616196014
pullback_eth-010,later_2025,base,85.76625753281587,0.8576625753281553,109.69874524346596,120.79619670873399,6,96.69780595318241
pullback_eth-010,later_2025,cost,52.99230493323557,0.5299230493323481,125.26449742491423,136.3029311256032,6,120.547274265865
pullback_eth-010,later_2025,delay,167.41274457266627,1.6741274457266586,85.50876166550734,96.70764475490614,6,97.3562452112344
pullback_eth-010,later_2025,combined,134.2008101774045,1.3420081017740504,90.43478677674284,101.57409507490593,6,121.367562505493
pullback_eth-010,recent_2026,base,-86.29687308199209,-0.8629687308199241,108.77727965243139,165.92768317345326,4,63.056595618990414
pullback_eth-010,recent_2026,cost,-107.25587063798775,-1.072558706379878,118.8832000566781,170.41951700512254,4,78.55813290998601
pullback_eth-010,recent_2026,delay,-138.9697915022516,-1.3896979150225142,153.98107549974702,175.0340249703131,4,62.5673764485512
pullback_eth-010,recent_2026,combined,-159.57387125089554,-1.595738712508954,169.10265713455192,179.47773726264495,4,77.94956193189401
pullback_eth-015,development,base,180.73705472518668,1.807370547251863,55.6696819505687,120.75923009572034,4,65.4587248417112
pullback_eth-015,development,cost,158.10092325450023,1.5810092325450054,60.75517672659225,125.49448313522589,4,81.579789770898
pullback_eth-015,development,delay,208.91642110413522,2.08916421104135,62.816250221552764,127.57807442888588,4,65.68450662596561
pullback_eth-015,development,combined,186.23253780650157,1.8623253780650106,73.21075356079928,137.5895228576428,4,81.87289808859701
pullback_eth-015,later_2025,base,175.3752458623967,1.7537524586239694,85.50876166550734,96.70764475490614,4,65.4184110593048
pullback_eth-015,later_2025,cost,152.88828191170433,1.52888281911705,90.43478677674284,101.57409507490593,4,81.55232565729399
pullback_eth-015,later_2025,delay,124.45451360808329,1.2445451360808324,94.76907228296841,105.99649408357072,4,65.00776034881682
pullback_eth-015,later_2025,combined,102.24143750650364,1.0224143750650283,99.64592578487645,110.81362734402137,4,81.04074061539501
pullback_eth-015,recent_2026,base,-58.35558560965728,-0.5835558560965737,72.7295989691138,165.92768317345326,2,31.531438309057606
pullback_eth-015,recent_2026,cost,-68.8159817236774,-0.6881598172367775,77.72346140575428,170.41951700512254,2,39.308888809977006
pullback_eth-015,recent_2026,delay,-68.1602549542713,-0.6816025495427147,90.94318977336297,175.0340249703131,2,31.452368189270405
pullback_eth-015,recent_2026,combined,-78.56134519056468,-0.7856134519056424,95.83703353029887,179.47773726264313,2,39.210451196964
pullback_eth-020,development,base,195.09297662090285,1.9509297662090308,55.58703848294499,120.67658662809663,4,65.577425752796
pullback_eth-020,development,cost,172.49751375413143,1.724975137541307,60.672920842507665,125.4122272511413,4,81.750398728066
pullback_eth-020,development,delay,202.85730181925646,2.02857301819257,68.81831063551545,133.54101786316278,4,65.625980592244
pullback_eth-020,development,combined,180.21061508397725,1.8021061508397773,79.17624483713371,143.51632591268935,4,81.800060205125
pullback_eth-020,later_2025,base,50.47121017277459,0.5047121017277556,85.50876166550734,96.70764475490614,2,32.3337490545256
pullback_eth-020,later_2025,cost,39.40734198209793,0.3940734198209839,90.43478677674284,101.57409507490593,2,40.297629642603
pullback_eth-020,later_2025,delay,22.49884690339786,0.22498846903398206,83.17834268357183,94.40576448417232,2,32.1060871959016
pullback_eth-020,later_2025,combined,11.599637245013582,0.11599637245014449,88.11635136623954,99.28405292538446,2,40.014159488685
pullback_eth-020,recent_2026,base,-43.94865542592015,-0.43948655425920524,72.7295989691138,165.92768317345326,2,31.6476230941184
pullback_eth-020,recent_2026,cost,-54.486565456101744,-0.544865654561022,77.72346140575428,170.41951700512254,2,39.453630765201005
pullback_eth-020,recent_2026,delay,-83.58126120939778,-0.835812612093978,95.06641728380055,179.15725248075069,2,31.328005245398405
pullback_eth-020,recent_2026,combined,-93.90376151315468,-0.9390376151315438,99.9366560966464,183.57735982899067,2,39.055476936655
pullback_eth-030,development,base,85.2111946496425,0.8521119464964144,67.59637809693959,115.90047920198049,3,48.69025875565521
pullback_eth-030,development,cost,68.5939917701944,0.6859399177019387,78.00423831419175,126.04768439226973,3,60.698868429404
pullback_eth-030,development,delay,142.8188914417824,1.4281889144178272,55.58703848294499,120.67658662809663,3,49.1548369601192
pullback_eth-030,development,combined,125.89168023637285,1.2589168023637187,60.672920842507665,125.4122272511413,3,61.277633092325004
pullback_eth-030,later_2025,base,41.94221124626347,0.4194221124626418,93.92236727009549,105.11174686190316,3,48.238897576136
pullback_eth-030,later_2025,cost,25.524063367229246,0.25524063367228234,104.13851172552131,115.26241555854176,3,60.10421864117201
pullback_eth-030,later_2025,delay,-25.715375234478415,-0.2571537523447853,130.88419495500784,142.0576062064556,3,47.5647103071816
pullback_eth-030,later_2025,combined,-41.694876340117844,-0.4169487634011815,140.88005040249664,151.98830351282413,3,59.265448875320004
pullback_eth-030,recent_2026,base,-72.65116407498317,-0.7265116407498273,72.7295989691138,165.92768317345326,1,15.4151274189824
pullback_eth-030,recent_2026,cost,-77.6453942649332,-0.7764539426493355,77.72346140575428,170.41951700512254,1,19.217703067233003
pullback_eth-030,recent_2026,delay,-90.94318977336297,-0.9094318977336258,90.94318977336297,175.0340249703131,1,15.267611012763204
pullback_eth-030,recent_2026,combined,-95.83703353029887,-0.9583703353029938,95.83703353029887,179.47773726264313,1,19.0339491603
pullback_eth-040,development,base,53.28448359102731,0.5328448359102733,99.39667851867671,147.6456665217156,3,48.414528534372806
pullback_eth-040,development,cost,36.780791789011346,0.36780791789010614,109.57367107087157,157.5108398081411,3,60.333275838289005
pullback_eth-040,development,delay,158.07787594997717,1.580778759499779,44.66482884120887,110.7099682103235,3,49.277893363124
pullback_eth-040,development,combined,141.0706835654728,1.410706835654718,46.88046664581816,112.57036219009024,3,61.430956416926
pullback_eth-040,later_2025,base,48.6112904316069,0.4861129043160606,93.92236727009549,105.11174686190316,3,48.292680472792
pullback_eth-040,later_2025,cost,32.150068243048736,0.3215006824304867,104.13851172552131,115.26241555854176,3,60.171147983352014
pullback_eth-040,later_2025,delay,-31.798478104072274,-0.3179847810407255,130.88419495500784,142.0576062064556,3,47.5156530259752
pullback_eth-040,later_2025,combined,-47.73854942741673,-0.4773854942741629,140.88005040249664,151.98830351282413,3,59.204401672418
pullback_eth-040,recent_2026,base,-39.539612925344045,-0.3953961292534447,39.62084838487135,136.1466266265743,1,15.682156061745602
pullback_eth-040,recent_2026,cost,-44.70974433819356,-0.4470974433819386,44.790599118639875,140.79666703377188,1,19.550386449693
pullback_eth-040,recent_2026,delay,-25.451152543559147,-0.25451152543559674,25.451152543559147,41.553326436485804,1,15.795772782358402
pullback_eth-040,recent_2026,combined,-30.696441503823735,-0.30696441503823557,30.696441503823735,46.71392113141337,1,19.691934986523002
pullback_eth-050,development,base,-73.65936069711461,-0.7365936069711476,109.00449657834179,133.11241727058223,3,47.2458288455136
pullback_eth-050,development,cost,-89.33087604446155,-0.893308760444611,117.38589605851485,140.16873854922414,3,58.868522569961
pullback_eth-050,development,delay,27.907361522327847,0.2790736152232798,55.58703848294499,120.67658662809663,3,48.2281312034704
pullback_eth-050,development,combined,11.599997249515582,0.11599997249516214,60.672920842507665,125.4122272511413,3,60.123171337985
pullback_eth-050,later_2025,base,121.07456279549297,1.2107456279549345,17.38256768831343,30.56022812676565,3,48.96590060290401
pullback_eth-050,later_2025,cost,104.2594064344994,1.0425940643449927,17.288899325774764,35.800185989000965,3,61.031464951001006
pullback_eth-050,later_2025,delay,-3.6834623841568828,-0.036834623841563996,84.28090979485569,98.89041990076839,3,47.7870830880584
pullback_eth-050,later_2025,combined,-19.8036728019797,-0.19803672801980143,99.8832971734173,114.39976512263092,3,59.54211809188101
pullback_eth-050,recent_2026,base,0.0,0.0,0.0,0.0,0,0.0
pullback_eth-050,recent_2026,cost,0.0,0.0,0.0,0.0,0,0.0
pullback_eth-050,recent_2026,delay,0.0,0.0,0.0,0.0,0,0.0
pullback_eth-050,recent_2026,combined,0.0,0.0,0.0,0.0,0,0.0
pullback_eth-060,development,base,-29.512661921280596,-0.29512661921280436,55.58703848294499,120.67658662809663,1,15.76301862528
pullback_eth-060,development,cost,-34.7418199705462,-0.3474181997054626,60.672920842507665,125.4122272511413,1,19.651072555946
pullback_eth-060,development,delay,34.408546536782524,0.34408546536781603,60.083735828317,124.86336834663962,1,16.2785121596176
pullback_eth-060,development,combined,28.835381934150064,0.2883538193414914,65.14513010444898,129.57620695387413,1,20.29326631585
pullback_eth-060,later_2025,base,0.0,0.0,0.0,0.0,0,0.0
pullback_eth-060,later_2025,cost,0.0,0.0,0.0,0.0,0,0.0
pullback_eth-060,later_2025,delay,0.0,0.0,0.0,0.0,0,0.0
pullback_eth-060,later_2025,combined,0.0,0.0,0.0,0.0,0,0.0
pullback_eth-060,recent_2026,base,0.0,0.0,0.0,0.0,0,0.0
pullback_eth-060,recent_2026,cost,0.0,0.0,0.0,0.0,0,0.0
pullback_eth-060,recent_2026,delay,0.0,0.0,0.0,0.0,0,0.0
pullback_eth-060,recent_2026,combined,0.0,0.0,0.0,0.0,0,0.0
pullback_eth-070,development,base,0.0,0.0,0.0,0.0,0,0.0
pullback_eth-070,development,cost,0.0,0.0,0.0,0.0,0,0.0
pullback_eth-070,development,delay,0.0,0.0,0.0,0.0,0,0.0
pullback_eth-070,development,combined,0.0,0.0,0.0,0.0,0,0.0
pullback_eth-070,later_2025,base,0.0,0.0,0.0,0.0,0,0.0
pullback_eth-070,later_2025,cost,0.0,0.0,0.0,0.0,0,0.0
pullback_eth-070,later_2025,delay,0.0,0.0,0.0,0.0,0,0.0
pullback_eth-070,later_2025,combined,0.0,0.0,0.0,0.0,0,0.0
pullback_eth-070,recent_2026,base,0.0,0.0,0.0,0.0,0,0.0
pullback_eth-070,recent_2026,cost,0.0,0.0,0.0,0.0,0,0.0
pullback_eth-070,recent_2026,delay,0.0,0.0,0.0,0.0,0,0.0
pullback_eth-070,recent_2026,combined,0.0,0.0,0.0,0.0,0,0.0
pullback_eth-080,development,base,0.0,0.0,0.0,0.0,0,0.0
pullback_eth-080,development,cost,0.0,0.0,0.0,0.0,0,0.0
pullback_eth-080,development,delay,0.0,0.0,0.0,0.0,0,0.0
pullback_eth-080,development,combined,0.0,0.0,0.0,0.0,0,0.0
pullback_eth-080,later_2025,base,0.0,0.0,0.0,0.0,0,0.0
pullback_eth-080,later_2025,cost,0.0,0.0,0.0,0.0,0,0.0
pullback_eth-080,later_2025,delay,0.0,0.0,0.0,0.0,0,0.0
pullback_eth-080,later_2025,combined,0.0,0.0,0.0,0.0,0,0.0
pullback_eth-080,recent_2026,base,0.0,0.0,0.0,0.0,0,0.0
pullback_eth-080,recent_2026,cost,0.0,0.0,0.0,0.0,0,0.0
pullback_eth-080,recent_2026,delay,0.0,0.0,0.0,0.0,0,0.0
pullback_eth-080,recent_2026,combined,0.0,0.0,0.0,0.0,0,0.0
pullback_eth-090,development,base,0.0,0.0,0.0,0.0,0,0.0
pullback_eth-090,development,cost,0.0,0.0,0.0,0.0,0,0.0
pullback_eth-090,development,delay,0.0,0.0,0.0,0.0,0,0.0
pullback_eth-090,development,combined,0.0,0.0,0.0,0.0,0,0.0
pullback_eth-090,later_2025,base,0.0,0.0,0.0,0.0,0,0.0
pullback_eth-090,later_2025,cost,0.0,0.0,0.0,0.0,0,0.0
pullback_eth-090,later_2025,delay,0.0,0.0,0.0,0.0,0,0.0
pullback_eth-090,later_2025,combined,0.0,0.0,0.0,0.0,0,0.0
pullback_eth-090,recent_2026,base,0.0,0.0,0.0,0.0,0,0.0
pullback_eth-090,recent_2026,cost,0.0,0.0,0.0,0.0,0,0.0
pullback_eth-090,recent_2026,delay,0.0,0.0,0.0,0.0,0,0.0
pullback_eth-090,recent_2026,combined,0.0,0.0,0.0,0.0,0,0.0
rotation-010,development,base,-435.9064947210427,-4.359064947210422,463.6720798879687,466.48451063286484,18,279.18671213694483
rotation-010,development,cost,-526.2469175859078,-5.262469175859074,548.4776947958162,551.2493637705047,18,346.53408922640693
rotation-010,development,delay,-495.96929546776846,-4.959692954677686,495.96929546776846,498.7393437209521,18,277.54980653616957
rotation-010,development,combined,-585.3590726372313,-5.853590726372316,585.3590726372313,588.0890764283613,18,344.48295562422607
rotation-010,later_2025,base,216.1852714914421,2.161852714914425,383.5923309376212,434.5947615266123,14,225.74269866945198
rotation-010,later_2025,cost,139.41106675700757,1.3941106675700699,424.6139654922081,469.9583407263872,14,281.40673699519203
rotation-010,later_2025,delay,-225.2215617550828,-2.2522156175508234,734.0314977657417,805.5745759715301,14,221.54415042368805
rotation-010,later_2025,combined,-298.1929071666109,-2.9819290716661118,787.8768135416303,858.576031167262,14,275.80650525781004
rotation-010,recent_2026,base,-256.37680151031964,-2.563768015103196,256.37680151031964,266.0468762016026,13,202.4813866027168
rotation-010,recent_2026,cost,-323.14989490735024,-3.231498949073508,323.14989490735024,332.70988435734944,13,251.63047049555001
rotation-010,recent_2026,delay,-354.35654407335096,-3.5435654407335093,354.35773405075815,367.4094062617023,12,185.50817020515044
rotation-010,recent_2026,combined,-414.8306692507522,-4.14830669250752,414.8318468508023,427.73952099885173,12,230.605617374051
rotation-015,development,base,-286.12618107886374,-2.86126181078864,297.19732918635964,322.6198601741671,9,139.925000801764
rotation-015,development,cost,-331.73185324874794,-3.3173185324874788,331.73185324874794,356.9119654015467,9,174.07540032504903
rotation-015,development,delay,-179.7302533657421,-1.7973025336574189,205.52067240830183,237.3534999261501,9,141.2875934325392
rotation-015,development,combined,-226.3627583542875,-2.263627583542871,246.6541749502867,280.0457361532881,9,175.76566029178701
rotation-015,later_2025,base,151.7625552149184,1.5176255521491822,317.22787633372536,403.90935063215693,8,129.18633943528
rotation-015,later_2025,cost,107.71442793047936,1.077144279304787,347.73739539706185,433.95230812474256,8,161.03638704622298
rotation-015,later_2025,delay,94.27312273343341,0.9427312273343258,389.16820765969896,475.7314989389961,8,128.75539151056483
rotation-015,later_2025,combined,50.51907546966686,0.5051907546966605,419.3121824203463,505.4095522213156,8,160.49925739323498
rotation-015,recent_2026,base,-185.78447766603313,-1.8578447766603334,229.08926663334387,253.09887799422359,8,124.751585362332
rotation-015,recent_2026,cost,-227.10289998751432,-2.2710289998751465,259.5263095230948,288.5835762168954,8,155.23857131231603
rotation-015,recent_2026,delay,-205.77300858682065,-2.0577300858682035,221.97090702407513,235.58625351717092,8,124.72045475312241
rotation-015,recent_2026,combined,-246.89946695965773,-2.4689946695965803,252.45510221300356,271.20435382002324,8,155.20029351585802
rotation-020,development,base,-69.63772661611074,-0.6963772661611078,237.6259596073378,260.0753168581268,9,143.27671812601042
rotation-020,development,cost,-117.67683960002068,-1.176768396000205,257.76784829921417,274.828749725275,9,178.47551187261803
rotation-020,development,delay,-193.64979079263867,-1.9364979079263822,206.34101911790276,228.90212949168927,9,141.21400623443682
rotation-020,development,combined,-240.14608312584096,-2.4014608312584063,249.62391023844066,266.72558456622573,9,175.67470370924198
rotation-020,later_2025,base,318.5977941178462,3.185977941178453,331.3818559278061,419.21962177241403,7,114.57646096525843
rotation-020,later_2025,cost,279.1770463604589,2.7917704636045926,356.5281093065878,443.8931950242768,7,142.83394520454198
rotation-020,later_2025,delay,359.5738552730254,3.5957385527302543,351.55240426134515,438.2338785597767,7,114.90693492337603
rotation-020,later_2025,combined,319.9364682375963,3.1993646823759603,376.58835954981987,462.8032722775006,7,143.24563172230302
rotation-020,recent_2026,base,-151.94278009551454,-1.519427800955142,194.66779739418598,211.62687596889737,8,125.2353468548152
rotation-020,recent_2026,cost,-193.55787382339622,-1.9355787382339673,230.63780431337,252.7071453614226,8,155.839201857299
rotation-020,recent_2026,delay,-261.7609537587905,-2.617609537587906,291.19239134467716,304.7596687670775,8,124.2832949654904
rotation-020,recent_2026,combined,-302.38856642556675,-3.0238856642556655,331.5598555947108,345.00282853000317,8,154.65768133666703
rotation-030,development,base,3.657279463897794,0.03657279463897822,151.04364573864223,177.51084206297674,7,111.63381740450562
rotation-030,development,cost,-34.14014470402071,-0.3414014470402016,160.7899673693464,187.22937126482066,7,139.06102856522006
rotation-030,development,delay,-70.39977938968877,-0.7039977938968822,129.22497608271988,157.73315252097564,7,110.86546299168963
rotation-030,development,combined,-107.43494769537574,-1.074349476953762,146.95273666791945,167.56883798216768,7,137.99003868217602
rotation-030,later_2025,base,299.4045821429354,2.9940458214293475,350.5750679027169,438.41283374732484,6,98.42065880886723
rotation-030,later_2025,cost,265.47697585288734,2.6547697585288743,370.2281798141594,457.5932655318484,6,122.69356138541501
rotation-030,later_2025,delay,329.02477802438625,3.290247780243871,382.1014815099843,468.78295580841586,6,98.65955689651442
rotation-030,later_2025,combined,294.93541339020885,2.9493541339020934,401.5894143972073,487.804327124888,6,122.99111558408701
rotation-030,recent_2026,base,-30.938679803046398,-0.3093867980304643,306.5103717303937,322.5010307896955,10,156.882103418448
rotation-030,recent_2026,cost,-84.32678601164844,-0.8432678601164811,357.1309552829407,372.96203704614163,10,195.11448536194902
rotation-030,recent_2026,delay,40.93916088805054,0.40939160888051607,220.3446795570435,241.65868618499917,10,158.45286994535041
rotation-030,recent_2026,combined,-13.181375885311354,-0.13181375885311652,266.5918876846772,292.9302286725615,10,197.06231942151203
rotation-040,development,base,-165.92866447710367,-1.6592866447710408,190.5393432537512,247.04162250690206,9,141.01333443920402
rotation-040,development,cost,-212.6912142481724,-2.1269121424817294,226.54797306087858,272.09097128497706,9,175.42522175527301
rotation-040,development,delay,-270.9487032203979,-2.7094870322039832,283.8122259736774,298.38464192381434,9,139.49721633829836
rotation-040,development,combined,-316.70745317487126,-3.167074531748715,329.4493129990806,334.86895461175664,9,173.54474586367203
rotation-040,later_2025,base,237.77055141024903,2.3777055141024794,350.3621734695207,437.0436477679523,5,81.81903731515041
rotation-040,later_2025,cost,209.16575764210756,2.0916575764210688,359.02325636423484,445.23816909191555,5,101.961689731993
rotation-040,later_2025,delay,346.72793787140836,3.4672793787140943,299.501163458719,386.06445473801614,5,82.801294294292
rotation-040,later_2025,combined,317.72736385145436,3.177273638514544,308.53855367454344,394.63592347551275,5,103.20835563064502
rotation-040,recent_2026,base,118.02095306895535,1.1802095306895577,187.87902510717322,194.054192610045,7,111.9516797776448
rotation-040,recent_2026,cost,79.39314142335752,0.793931414233584,223.9064471971542,230.03335029982736,7,139.339777375846
rotation-040,recent_2026,delay,-0.41154903111782914,-0.004115490311173975,301.7881686026685,307.76546732908173,7,110.30751036991842
rotation-040,recent_2026,combined,-38.01392642057908,-0.38013926420579214,336.8444412474237,342.7753363255324,7,137.29862112147902
rotation-050,development,base,-169.1412097857483,-1.691412097857481,268.86704223498054,312.34597811778076,8,125.12933796494882
rotation-050,development,cost,-210.601345978268,-2.106013459782685,309.42408603296644,352.50870516372925,8,155.707733391369
rotation-050,development,delay,-121.06048069537792,-1.2106048069537745,229.76323735906044,273.7660994728194,8,125.67351336798083
rotation-050,development,combined,-162.9594202684093,-1.6295942026840926,262.9708220037646,306.5736724217604,8,156.382811703808
rotation-050,later_2025,base,320.5099311566428,3.2050993115664284,478.61819530815046,535.9250278840354,6,98.56575929765522
rotation-050,later_2025,cost,286.21311011920625,2.862131101192067,497.4210928084158,549.0360216484823,6,122.86101394269302
rotation-050,later_2025,delay,309.49116827259786,3.094911682725976,426.20484248522735,490.768708730855,6,98.4999604112048
rotation-050,later_2025,combined,275.2858995590086,2.7528589955900795,439.9081681913358,498.7411972487189,6,122.77931956779003
rotation-050,recent_2026,base,1.6347035951257567,0.016347035951258526,300.7465463842982,306.85068172776846,7,110.2233158902752
rotation-050,recent_2026,cost,-35.991792128799716,-0.35991792128799993,335.8193309367398,341.8760957551294,7,137.193964211598
rotation-050,recent_2026,delay,-15.940371428590879,-0.1594037142859106,316.84896714308707,322.8169834029013,7,110.18338407609201
rotation-050,recent_2026,combined,-53.41042895906321,-0.5341042895906312,351.7790924463534,357.70082115188416,7,137.144575953862
rotation-060,development,base,-57.55181207255191,-0.5755181207255156,228.64486211346593,272.43353978114646,8,127.0796914320488
rotation-060,development,cost,-100.19337334510783,-1.001933733451077,226.5573090258713,269.94562152237813,8,158.18460836900698
rotation-060,development,delay,-91.74712314277895,-0.9174712314277911,227.4643821640584,271.02698146933835,8,126.47586081647921
rotation-060,development,combined,-133.91782110542954,-1.3391782110542927,232.9262590861017,276.09183857487005,8,157.378247403832
rotation-060,later_2025,base,291.47766968013275,2.9147766968013356,331.4669529168732,411.2843163192374,4,66.35471937686401
rotation-060,later_2025,cost,268.36523065035544,2.683652306503559,335.0642053459014,414.4537981495778,4,82.71873861844401
rotation-060,later_2025,delay,276.7315769291454,2.7673157692914563,346.72105354200175,424.11824360043283,4,66.23579796565761
rotation-060,later_2025,combined,253.69708640276076,2.536970864027599,350.23725623965584,427.219608069523,4,82.57059388493701
rotation-060,recent_2026,base,-16.552151425867123,-0.1655215142586708,318.38355556642637,324.47659123549784,6,94.37999995156882
rotation-060,recent_2026,cost,-48.6603724432407,-0.4866037244324106,348.10669689088354,354.15576086319925,6,117.50579966734102
rotation-060,recent_2026,delay,1.845822938850688,0.018458229388507164,299.5988313719481,305.577479453068,6,94.7364400603504
rotation-060,recent_2026,combined,-30.40883668344577,-0.30408836683445406,329.4674831201937,335.40290593082864,6,117.948586098846
rotation-070,development,base,-33.87371264984722,-0.3387371264984673,226.99263403961595,270.4648870044166,6,95.72535486034641
rotation-070,development,cost,-65.97611135408079,-0.6597611135408132,237.757580782476,280.9123762649997,6,119.23580488578301
rotation-070,development,delay,-50.6714622877098,-0.5067146228771024,217.3963067805762,259.03072933337717,6,95.4962746295088
rotation-070,development,combined,-82.78938392840973,-0.8278938392840995,236.28998334426797,277.6997084378181,6,118.973344030606
rotation-070,later_2025,base,461.5939696320256,4.615939696320259,386.61100107627135,466.42836447863556,2,35.724579835972804
rotation-070,later_2025,cost,448.3374545548668,4.483374545548657,389.91108477953276,469.3006775832091,2,44.53266120773401
rotation-070,later_2025,delay,511.871187483277,5.118711874832771,417.95777983662083,495.3549698950519,2,36.1300409250232
rotation-070,later_2025,combined,498.3410431832599,4.983410431832591,421.0893123521855,498.0716641820527,2,45.037747780340005
rotation-070,recent_2026,base,142.5290945462839,1.4252909454628426,171.62996590224975,177.69270798434263,3,48.853292493516804
rotation-070,recent_2026,cost,125.47485563259397,1.2547485563259464,181.29725637641604,187.3254849920795,3,60.869218279707006
rotation-070,recent_2026,delay,153.20412959026362,1.5320412959026308,166.91604956907395,169.94103671682933,3,48.970131087834396
rotation-070,recent_2026,combined,136.08978253151326,1.3608978253151216,176.61414960188813,179.61677096219682,3,61.01471788788601
rotation-080,development,base,-39.176709844299694,-0.3917670984429966,228.68918924360878,272.48635617448963,4,63.679948396700816
rotation-080,development,cost,-60.43554511768161,-0.604355451176819,232.98698729713942,276.4774745718805,4,79.33626328968
rotation-080,development,delay,-86.6794151872291,-0.8667941518722855,250.98322919776,294.6045095562404,4,63.131644625827214
rotation-080,development,combined,-107.6007588948014,-1.0760075889480136,265.47608951953043,308.7931046541107,4,78.6410263528
rotation-080,later_2025,base,461.5939696320256,4.615939696320259,386.61100107627135,466.42836447863556,2,35.724579835972804
rotation-080,later_2025,cost,448.3374545548668,4.483374545548657,389.91108477953276,469.3006775832091,2,44.53266120773401
rotation-080,later_2025,delay,511.871187483277,5.118711874832771,417.95777983662083,495.3549698950519,2,36.1300409250232
rotation-080,later_2025,combined,498.3410431832599,4.983410431832591,421.0893123521855,498.0716641820527,2,45.037747780340005
rotation-080,recent_2026,base,-95.11609135067556,-0.9511609135067545,138.01540274362742,155.14458515895785,4,62.93764070207521
rotation-080,recent_2026,cost,-115.97642551856188,-1.1597642551856135,153.2778734762269,175.59364317204927,4,78.39998007696401
rotation-080,recent_2026,delay,-195.82349423757114,-1.958234942375714,225.45421147529305,239.11335265097296,4,62.041157296974404
rotation-080,recent_2026,combined,-215.9792047011506,-2.1597920470115106,245.4104214756262,258.97317656190353,4,77.28513153015001
rotation-090,development,base,-143.12185553530617,-1.4312185553530643,284.72362324106507,310.3555666291941,8,126.25636060660881
rotation-090,development,cost,-185.19381616520877,-1.8519381616520891,315.16089753960296,340.57374035760404,8,157.15294528121203
rotation-090,development,delay,-218.6046389723233,-2.1860463897232285,315.0952989554298,354.94421135367156,8,125.1980349382232
rotation-090,development,combined,-259.6121452622501,-2.596121452622502,339.61617583181396,379.14430376805467,8,155.79344895174702
rotation-090,later_2025,base,461.5939696320256,4.615939696320259,386.61100107627135,466.42836447863556,2,35.724579835972804
rotation-090,later_2025,cost,448.3374545548668,4.483374545548657,389.91108477953276,469.3006775832091,2,44.53266120773401
rotation-090,later_2025,delay,511.871187483277,5.118711874832771,417.95777983662083,495.3549698950519,2,36.1300409250232
rotation-090,later_2025,combined,498.3410431832599,4.983410431832591,421.0893123521855,498.0716641820527,2,45.037747780340005
rotation-090,recent_2026,base,-63.431756024810966,-0.6343175602481099,106.46835454851134,123.65227222620706,3,47.320801403611206
rotation-090,recent_2026,cost,-79.16774606734543,-0.7916774606734567,116.6081644652495,139.0069808594726,3,58.961864488746
rotation-090,recent_2026,delay,-152.0175424446279,-1.5201754244462795,181.78065263752615,195.5008241976866,3,46.5838729174288
rotation-090,recent_2026,combined,-167.18366425768,-1.671836642576796,196.76166262203333,210.3920589060872,3,58.04483081568001
consensus_btc-010,development,base,73.47736435934166,0.7347736435934227,172.58238074595465,196.5669778301144,8,127.89282796665601
consensus_btc-010,development,cost,29.69614431275113,0.29696144312751915,192.8545038357188,221.94060269137844,8,159.27546832425
consensus_btc-010,development,delay,4.681962741442476,0.04681962741441836,198.69326519540664,208.94265723796707,8,127.34123636056002
consensus_btc-010,development,combined,-38.520938986219335,-0.38520938986219555,224.0447858236803,234.21141718362014,8,158.56124585022002
consensus_btc-010,later_2025,base,-247.4926821911995,-2.4749268219119935,331.60451029987235,344.89027812297536,7,109.35566174420003
consensus_btc-010,later_2025,cost,-283.05776018669167,-2.8305776018669127,361.330621686413,374.5031369912631,7,136.14742388369
consensus_btc-010,later_2025,delay,-180.22823319739473,-1.8022823319739478,271.42081679430703,297.3184905204016,7,109.95962200139202
consensus_btc-010,later_2025,combined,-216.3330156796692,-2.1633301567966945,301.60106374554744,322.027920702787,7,136.87891496467003
consensus_btc-010,recent_2026,base,-67.52056412411366,-0.6752056412411389,216.4663547510736,233.46700333337685,10,158.220745768112
consensus_btc-010,recent_2026,cost,-120.55610800601971,-1.2055610800602024,236.4672019307909,253.34005582715145,10,196.77404393002
consensus_btc-010,recent_2026,delay,-37.52013376175637,-0.3752013376175589,131.42428415059112,167.52038269814147,10,159.31699576275997
consensus_btc-010,recent_2026,combined,-91.00935094226043,-0.9100935094226048,149.8356473508411,177.24769030487914,10,198.26568486426004
consensus_btc-015,development,base,-94.1133526706235,-0.9411335267062393,244.93315039238223,251.8151450524474,8,126.39103048262402
consensus_btc-015,development,cost,-136.33089395052048,-1.3633089395052034,269.91556368185957,276.7418705532,8,157.29127433652002
consensus_btc-015,development,delay,-65.06165649745708,-0.650616564974571,227.57805354999982,233.1981991590892,8,126.604829287456
consensus_btc-015,development,combined,-107.73281825577033,-1.077328182557702,252.69654675609854,258.27123273669895,8,157.59984361077005
consensus_btc-015,later_2025,base,-266.2738745330262,-2.662738745330262,350.385702641699,363.64588771331546,7,109.03632337202401
consensus_btc-015,later_2025,cost,-301.64749082628805,-3.0164749082628783,379.9203523260094,393.0676715467598,7,135.72998430329002
consensus_btc-015,later_2025,delay,-227.61595787753504,-2.2761595787753497,318.73696280180775,344.50964337174446,7,109.22650185853603
consensus_btc-015,later_2025,combined,-263.33352288806054,-2.6333352288806067,348.5309246034394,368.8595497301794,7,135.96576343606
consensus_btc-015,recent_2026,base,-23.244950498736216,-0.23244950498736427,182.0670503060337,190.96762229964952,10,159.032440084736
consensus_btc-015,recent_2026,cost,-76.73028557598991,-0.7673028557598993,191.7110504018383,211.15870865841862,10,197.78020327499004
consensus_btc-015,recent_2026,delay,-189.46746352919763,-1.8946746352919708,247.27029247747123,264.8967205758072,10,156.66669616419998
consensus_btc-015,recent_2026,combined,-241.26897253684183,-2.412689725368422,292.2469293922204,310.7465825290201,10,194.84715036283998
consensus_btc-020,development,base,21.10398855236963,0.21103988552368946,191.84069590870422,197.70991392534415,7,111.87058712163203
consensus_btc-020,development,cost,-16.942543432947787,-0.1694254343294732,201.39392332169882,207.23104066544875,7,139.35411994395002
consensus_btc-020,development,delay,48.29835177428504,0.4829835177428521,184.85517961990445,192.96223308636945,7,112.01632033871202
consensus_btc-020,development,combined,10.049623422259174,0.10049623422259124,194.45907740537223,197.3835102744215,7,139.53538098374003
consensus_btc-020,later_2025,base,-314.5307523343163,-3.145307523343166,398.64258044298913,412.0078697875015,7,108.28084304632002
consensus_btc-020,later_2025,cost,-349.5050827027371,-3.4950508270273684,427.77794420245846,441.02986650145795,7,134.79191508874
consensus_btc-020,later_2025,delay,-244.46712853292593,-2.4446712853292585,364.40600254519813,390.1203166195992,7,108.75685034092803
consensus_btc-020,later_2025,combined,-280.0576937634687,-2.800576937634691,388.6148655579,414.1235387869492,7,135.38245506647002
consensus_btc-020,recent_2026,base,-38.53809536486369,-0.38538095364863967,166.91124586615842,170.87196899758237,7,111.14347574686401
consensus_btc-020,recent_2026,cost,-75.83921455689051,-0.7583921455689091,181.96822519113812,193.9159843401576,7,138.33561582789002
consensus_btc-020,recent_2026,delay,-114.56914212158154,-1.145691421215811,187.18262670499098,193.87815785929524,7,110.356035026584
consensus_btc-020,recent_2026,combined,-151.2264786962587,-1.5122647869625916,202.34034964203966,221.0106850653392,7,137.35763428026002
consensus_btc-030,development,base,83.9893599743209,0.8398935997432133,149.02176046057502,165.16652408195114,5,80.42681194068001
consensus_btc-030,development,cost,56.394538975719115,0.5639453897571922,153.47714021023967,169.5346527112688,5,100.19739890828
consensus_btc-030,development,delay,43.56197511147366,0.4356197511147464,157.0789095694854,162.67758774305366,5,79.95821479352801
consensus_btc-030,development,combined,16.274093710861052,0.1627409371086186,177.51037828085828,183.06959270975858,5,99.61501127713998
consensus_btc-030,later_2025,base,-291.9971779358548,-2.9199717793585434,376.10900604452763,389.5053865101909,6,92.896424454856
consensus_btc-030,later_2025,cost,-321.94822207119796,-3.2194822207119778,400.2210835709193,413.51085074346884,6,115.67219662320002
consensus_btc-030,later_2025,delay,-291.33541773662364,-2.913354177366234,382.7767693002552,414.7515159918403,6,92.54700416362402
consensus_btc-030,later_2025,combined,-321.31510663551853,-3.21315106635518,406.8388391303979,428.169205138518,6,115.23783259351998
consensus_btc-030,recent_2026,base,-10.71570970671928,-0.10715709706718979,166.91124586615842,170.87196899758237,6,95.49957888172
consensus_btc-030,recent_2026,cost,-42.895897045480524,-0.4289589704548069,181.96822519113812,185.90146937193822,6,118.89549874548001
consensus_btc-030,recent_2026,delay,-82.6351076602532,-0.8263510766025273,187.18262670499098,193.87815785929524,6,94.777599278256
consensus_btc-030,recent_2026,combined,-114.24113683467294,-1.1424113683467296,196.37921701098094,203.43618743148,6,117.99843022367004
consensus_btc-040,development,base,-17.75362555206266,-0.17753625552062724,188.77636794684804,194.64388347324893,6,95.43952841306401
consensus_btc-040,development,cost,-50.02602555816884,-0.500260255581686,198.34390641997925,204.16355422372908,6,118.86183946917001
consensus_btc-040,development,delay,-37.674766426895076,-0.37674766426895046,187.13425581627052,192.71583740155074,6,95.22629328889602
consensus_btc-040,development,combined,-69.78898585250136,-0.6978898585250137,207.35645591556022,212.89878133055936,6,118.59705046650002
consensus_btc-040,later_2025,base,-277.5686072394874,-2.7756860723948784,361.68043534816024,375.11297005535926,5,77.21213792648801
consensus_btc-040,later_2025,cost,-302.4151316758707,-3.0241513167587053,380.68799317559206,394.02070533539154,5,96.16972377087001
consensus_btc-040,later_2025,delay,-261.69352092095687,-2.61693520920957,352.7056654516309,393.11097401723055,5,77.29468826696001
consensus_btc-040,later_2025,combined,-286.6689585702861,-2.866689585702864,371.774293305165,406.6699583804366,5,96.27223406729001
consensus_btc-040,recent_2026,base,-52.46661549748751,-0.5246661549748732,197.68294718582547,201.62711408227187,7,110.83576798248801
consensus_btc-040,recent_2026,cost,-89.65048248748099,-0.8965048248748109,217.80000455976187,221.71477950450208,7,137.95359623348003
consensus_btc-040,recent_2026,delay,-196.0433978659512,-1.9604339786595149,262.0600943462068,265.227802540383,7,109.03046695195201
consensus_btc-040,recent_2026,combined,-232.00672118186958,-2.3200672118186993,281.6484267641099,284.7934964197502,7,135.71195384887
consensus_btc-050,development,base,57.62440551929467,0.5762440551929426,189.41587574403275,195.28509376067268,5,80.27043249770402
consensus_btc-050,development,cost,30.227343516431574,0.30227343516431304,199.0779466385702,204.91506398232013,5,100.03515043057
consensus_btc-050,development,delay,29.15264246336119,0.29152642463361467,172.47631402812658,180.58336749459158,5,80.05535629764
consensus_btc-050,development,combined,1.9448367945078644,0.019448367945074096,182.24831018045188,185.17274304950115,5,99.76760719249
consensus_btc-050,later_2025,base,-156.44294418155187,-1.564429441815518,240.55558283457685,327.86579934331166,4,62.61237771155201
consensus_btc-050,later_2025,cost,-176.89268781656938,-1.7689268781656886,255.16635477929958,341.8688095647303,4,78.00573660157002
consensus_btc-050,later_2025,delay,-190.1020578339194,-1.9010205783391965,301.04651656820715,386.7128564346385,4,62.20848187992001
consensus_btc-050,later_2025,combined,-210.3307989881905,-2.1033079898819085,315.2371525479084,400.3094585120489,4,77.50338678919
consensus_btc-050,recent_2026,base,91.25535442132968,0.9125535442132904,233.02757176742307,236.9575783112632,6,95.93409004967201
consensus_btc-050,recent_2026,cost,58.25945922797655,0.5825945922797615,252.88310215964157,256.7838894161614,6,119.43575593602
consensus_btc-050,recent_2026,delay,115.41139978924366,1.1541139978924475,204.80475268072223,207.9910542443704,6,96.230023197752
consensus_btc-050,recent_2026,combined,82.21698587480023,0.822169858748012,224.81915744177786,227.98259741069887,6,119.80330443720001
consensus_btc-060,development,base,109.28632128846402,1.0928632128846427,117.96282893740863,148.58318455664084,3,48.679345239536005
consensus_btc-060,development,cost,92.44007337999938,0.9244007338000015,121.80645748760071,153.40870960991015,3,60.65256346200001
consensus_btc-060,development,delay,63.95102071555448,0.6395102071555359,135.76765666543906,161.4634466150219,3,48.30953924144801
consensus_btc-060,development,combined,47.39807397069126,0.4739807397069029,151.04209523570898,171.27552088781886,3,60.19236206631001
consensus_btc-060,later_2025,base,-103.26250370561684,-1.0326250370561674,217.88697668558598,305.66896356456164,3,47.160105666616005
consensus_btc-060,later_2025,cost,-118.75118352085155,-1.1875118352085101,227.37293453998245,314.58861392653307,3,58.772256531850005
consensus_btc-060,later_2025,delay,-134.86246437782393,-1.34862464377824,276.29525751656,362.4439465225769,3,46.817092464824
consensus_btc-060,later_2025,combined,-150.17761414373126,-1.5017761414373165,285.42599857710957,371.02101356710045,3,58.34520166073
consensus_btc-060,recent_2026,base,143.4122622407849,1.4341226224078518,159.0777525494068,163.02689462742273,4,64.762717365216
consensus_btc-060,recent_2026,cost,120.89494814416867,1.208949481441679,168.83142416872033,172.75533655507024,4,80.67008411283001
consensus_btc-060,recent_2026,delay,179.5385634198865,1.7953856341988539,140.89385221510383,147.95037427414354,4,65.178260447112
consensus_btc-060,recent_2026,combined,156.76126884415135,1.567612688441522,145.4535692476984,152.46795901579935,4,81.18665320085
consensus_btc-070,development,base,20.752512545694117,0.20752512545694213,121.14128836575946,165.33031736678458,4,63.895932363304006
consensus_btc-070,development,cost,-0.9274461601489747,-0.009274461601493922,125.76687498804858,175.12297444358046,4,79.62385475115
consensus_btc-070,development,delay,-62.15466087662389,-0.6215466087662436,127.95980071657505,160.0683713700946,4,63.224773870624006
consensus_btc-070,development,combined,-83.24210551685064,-0.8324210551685085,137.26980284490128,169.8877849877117,4,78.75703821385001
consensus_btc-070,later_2025,base,-107.5121031246399,-1.0751210312463955,222.13657575443358,309.88084237504154,3,47.11896681364001
consensus_btc-070,later_2025,cost,-122.97533136920902,-1.2297533136920946,231.59708204184062,318.7754631288917,3,58.721060472210006
consensus_btc-070,later_2025,delay,-148.6084549686875,-1.4860845496868724,289.99280066559913,376.0214900961273,3,46.684090875688
consensus_btc-070,later_2025,combined,-163.84326092322954,-1.6384326092322987,299.0437172667298,384.5200170977405,3,58.17961165423
consensus_btc-070,recent_2026,base,90.72915334540994,0.9072915334541021,189.6332322814087,196.35794810419247,5,80.273489197592
consensus_btc-070,recent_2026,cost,63.15754910694886,0.6315754910694915,203.58099140749073,208.483422859872,5,99.96479561005
consensus_btc-070,recent_2026,delay,94.25106596320074,0.942510659632001,175.0121776601918,181.80807529312005,5,80.2074810568
consensus_btc-070,recent_2026,combined,66.65069407474766,0.66650694074748,180.0069075638403,186.12537590619104,5,99.88272929025001
consensus_btc-080,development,base,-76.03756649171191,-0.7603756649171234,160.98281432697695,201.13296933521815,4,62.97835794871201
consensus_btc-080,development,cost,-97.03143124967937,-0.9703143124967895,170.73324507647885,205.3402769726399,4,78.45061654768001
consensus_btc-080,development,delay,-51.24667332953686,-0.5124667332953692,177.32291214473662,214.6805488512964,4,63.227142012536014
consensus_btc-080,development,combined,-72.40773872356112,-0.724077387235611,186.96610887570023,218.80506055292972,4,78.76006681356002
consensus_btc-080,later_2025,base,-103.26250370561684,-1.0326250370561674,217.88697668558598,305.66896356456164,3,47.160105666616005
consensus_btc-080,later_2025,cost,-118.75118352085155,-1.1875118352085101,227.37293453998245,314.58861392653307,3,58.772256531850005
consensus_btc-080,later_2025,delay,-134.86246437782393,-1.34862464377824,276.29525751656,362.4439465225769,3,46.817092464824
consensus_btc-080,later_2025,combined,-150.17761414373126,-1.5017761414373165,285.42599857710957,371.02101356710045,3,58.34520166073
consensus_btc-080,recent_2026,base,-175.96335346687738,-1.7596335346687697,245.14378996500636,261.23324354647775,6,93.38338924288
consensus_btc-080,recent_2026,cost,-206.8177906281835,-2.0681779062818317,264.8536971322628,286.06384303594314,6,116.26686061218001
consensus_btc-080,recent_2026,delay,-192.58336531598252,-1.9258336531598252,224.80731516427113,243.48928497739143,6,93.49996638798402
consensus_btc-080,recent_2026,combined,-223.30900171967733,-2.2330900171967705,249.9339133899084,268.46761311180853,6,116.41141820567998
consensus_btc-090,development,base,13.127621255584017,0.131276212555842,140.51814710897634,180.81202040659264,4,63.908898645416
consensus_btc-090,development,cost,-8.493519598740022,-0.08493519598740118,150.41431654223925,185.14463430867,4,79.64002501274001
consensus_btc-090,development,delay,-45.54772216724814,-0.4554772216724845,178.84871516231942,216.2082827898721,4,63.28744902324801
consensus_btc-090,development,combined,-66.74872281916032,-0.6674872281915989,188.485166572018,220.32576845441872,4,78.83504372916
consensus_btc-090,later_2025,base,-127.81548548627325,-1.2781548548627342,242.4399564445448,330.0041702737926,4,62.923441541272
consensus_btc-090,later_2025,cost,-148.48308596330935,-1.4848308596330906,257.1048345440722,344.0580404687116,4,78.41045133031001
consensus_btc-090,later_2025,delay,-148.91764435350342,-1.489176443535034,290.3009115232162,376.32692954734375,4,62.68109895450401
consensus_btc-090,later_2025,combined,-169.40821925174168,-1.694082192517421,304.5891429625608,390.01706157079207,4,78.09134512774
consensus_btc-090,recent_2026,base,-56.31683801060899,-0.5631683801060938,184.4808045744503,200.76620921646645,4,63.201880281608005
consensus_btc-090,recent_2026,cost,-77.44457734121715,-0.774445773412169,188.71406055738044,210.20441344517894,4,78.72870663522001
consensus_btc-090,recent_2026,delay,-87.72922400886273,-0.8772922400886229,191.80285899074988,210.68456488899028,4,63.07569970586401
consensus_btc-090,recent_2026,combined,-108.64177494808791,-1.0864177494808835,201.3162511310984,220.06732174739955,4,78.57154535709
